cohort_date,activity_date,day_number,cohort_users,retained_users,retention_rate
2020-11-01,2020-11-01,0,1946,1946,1.0
2020-11-01,2020-11-02,1,1946,65,0.03340184994861254
2020-11-01,2020-11-03,2,1946,22,0.011305241521068859
2020-11-01,2020-11-04,3,1946,13,0.0066803699897225073
2020-11-01,2020-11-05,4,1946,12,0.0061664953751284684
2020-11-01,2020-11-06,5,1946,12,0.0061664953751284684
2020-11-01,2020-11-07,6,1946,11,0.0056526207605344294
2020-11-01,2020-11-08,7,1946,11,0.0056526207605344294
2020-11-01,2020-11-09,8,1946,3,0.0015416238437821171
2020-11-01,2020-11-10,9,1946,5,0.0025693730729701952
2020-11-01,2020-11-11,10,1946,9,0.0046248715313463515
2020-11-01,2020-11-12,11,1946,8,0.0041109969167523125
2020-11-01,2020-11-13,12,1946,3,0.0015416238437821171
2020-11-01,2020-11-14,13,1946,4,0.0020554984583761563
2020-11-01,2020-11-15,14,1946,9,0.0046248715313463515
2020-11-01,2020-11-16,15,1946,2,0.0010277492291880781
2020-11-01,2020-11-17,16,1946,3,0.0015416238437821171
2020-11-01,2020-11-18,17,1946,2,0.0010277492291880781
2020-11-01,2020-11-19,18,1946,5,0.0025693730729701952
2020-11-01,2020-11-20,19,1946,5,0.0025693730729701952
2020-11-01,2020-11-21,20,1946,5,0.0025693730729701952
2020-11-01,2020-11-22,21,1946,2,0.0010277492291880781
2020-11-01,2020-11-23,22,1946,4,0.0020554984583761563
2020-11-01,2020-11-24,23,1946,2,0.0010277492291880781
2020-11-01,2020-11-25,24,1946,1,0.00051387461459403907
2020-11-01,2020-11-26,25,1946,1,0.00051387461459403907
2020-11-01,2020-11-27,26,1946,1,0.00051387461459403907
2020-11-01,2020-11-28,27,1946,2,0.0010277492291880781
2020-11-01,2020-11-29,28,1946,4,0.0020554984583761563
2020-11-01,2020-11-30,29,1946,1,0.00051387461459403907
2020-11-01,2020-12-01,30,1946,1,0.00051387461459403907
2020-11-02,2020-11-02,0,2485,2485,1.0
2020-11-02,2020-11-03,1,2485,130,0.052313883299798795
2020-11-02,2020-11-04,2,2485,54,0.021730382293762576
2020-11-02,2020-11-05,3,2485,36,0.014486921529175051
2020-11-02,2020-11-06,4,2485,22,0.0088531187122736412
2020-11-02,2020-11-07,5,2485,9,0.0036217303822937627
2020-11-02,2020-11-08,6,2485,8,0.0032193158953722333
2020-11-02,2020-11-09,7,2485,15,0.0060362173038229373
2020-11-02,2020-11-10,8,2485,16,0.0064386317907444666
2020-11-02,2020-11-11,9,2485,12,0.00482897384305835
2020-11-02,2020-11-12,10,2485,15,0.0060362173038229373
2020-11-02,2020-11-13,11,2485,11,0.0044265593561368206
2020-11-02,2020-11-14,12,2485,3,0.0012072434607645875
2020-11-02,2020-11-15,13,2485,4,0.0016096579476861167
2020-11-02,2020-11-16,14,2485,11,0.0044265593561368206
2020-11-02,2020-11-17,15,2485,11,0.0044265593561368206
2020-11-02,2020-11-18,16,2485,8,0.0032193158953722333
2020-11-02,2020-11-19,17,2485,12,0.00482897384305835
2020-11-02,2020-11-20,18,2485,10,0.0040241448692152921
2020-11-02,2020-11-21,19,2485,3,0.0012072434607645875
2020-11-02,2020-11-22,20,2485,4,0.0016096579476861167
2020-11-02,2020-11-23,21,2485,8,0.0032193158953722333
2020-11-02,2020-11-24,22,2485,9,0.0036217303822937627
2020-11-02,2020-11-25,23,2485,11,0.0044265593561368206
2020-11-02,2020-11-26,24,2485,5,0.002012072434607646
2020-11-02,2020-11-27,25,2485,6,0.002414486921529175
2020-11-02,2020-11-28,26,2485,3,0.0012072434607645875
2020-11-02,2020-11-29,27,2485,7,0.0028169014084507044
2020-11-02,2020-11-30,28,2485,7,0.0028169014084507044
2020-11-02,2020-12-01,29,2485,7,0.0028169014084507044
2020-11-02,2020-12-02,30,2485,5,0.002012072434607646
2020-11-03,2020-11-03,0,3665,3665,1.0
2020-11-03,2020-11-04,1,3665,185,0.0504774897680764
2020-11-03,2020-11-05,2,3665,66,0.018008185538881311
2020-11-03,2020-11-06,3,3665,45,0.01227830832196453
2020-11-03,2020-11-07,4,3665,16,0.0043656207366985
2020-11-03,2020-11-08,5,3665,13,0.0035470668485675307
2020-11-03,2020-11-09,6,3665,21,0.00572987721691678
2020-11-03,2020-11-10,7,3665,27,0.0073669849931787173
2020-11-03,2020-11-11,8,3665,14,0.003819918144611187
2020-11-03,2020-11-12,9,3665,18,0.0049113233287858115
2020-11-03,2020-11-13,10,3665,15,0.0040927694406548429
2020-11-03,2020-11-14,11,3665,3,0.00081855388813096858
2020-11-03,2020-11-15,12,3665,0,0.0
2020-11-03,2020-11-16,13,3665,11,0.0030013642564802184
2020-11-03,2020-11-17,14,3665,14,0.003819918144611187
2020-11-03,2020-11-18,15,3665,13,0.0035470668485675307
2020-11-03,2020-11-19,16,3665,10,0.0027285129604365621
2020-11-03,2020-11-20,17,3665,11,0.0030013642564802184
2020-11-03,2020-11-21,18,3665,3,0.00081855388813096858
2020-11-03,2020-11-22,19,3665,3,0.00081855388813096858
2020-11-03,2020-11-23,20,3665,10,0.0027285129604365621
2020-11-03,2020-11-24,21,3665,14,0.003819918144611187
2020-11-03,2020-11-25,22,3665,8,0.00218281036834925
2020-11-03,2020-11-26,23,3665,6,0.0016371077762619372
2020-11-03,2020-11-27,24,3665,7,0.0019099590723055935
2020-11-03,2020-11-28,25,3665,2,0.00054570259208731246
2020-11-03,2020-11-29,26,3665,4,0.0010914051841746249
2020-11-03,2020-11-30,27,3665,7,0.0019099590723055935
2020-11-03,2020-12-01,28,3665,5,0.001364256480218281
2020-11-03,2020-12-02,29,3665,3,0.00081855388813096858
2020-11-03,2020-12-03,30,3665,6,0.0016371077762619372
2020-11-04,2020-11-04,0,2847,2847,1.0
2020-11-04,2020-11-05,1,2847,147,0.051633298208640675
2020-11-04,2020-11-06,2,2847,58,0.020372321742184757
2020-11-04,2020-11-07,3,2847,26,0.0091324200913242
2020-11-04,2020-11-08,4,2847,23,0.0080786793115560241
2020-11-04,2020-11-09,5,2847,31,0.010888654724271163
2020-11-04,2020-11-10,6,2847,29,0.010186160871092378
2020-11-04,2020-11-11,7,2847,32,0.011239901650860555
2020-11-04,2020-11-12,8,2847,15,0.005268703898840885
2020-11-04,2020-11-13,9,2847,12,0.0042149631190727078
2020-11-04,2020-11-14,10,2847,7,0.0024587284861257463
2020-11-04,2020-11-15,11,2847,8,0.0028099754127151387
2020-11-04,2020-11-16,12,2847,19,0.0066736916051984545
2020-11-04,2020-11-17,13,2847,10,0.0035124692658939235
2020-11-04,2020-11-18,14,2847,11,0.0038637161924833159
2020-11-04,2020-11-19,15,2847,14,0.0049174569722514926
2020-11-04,2020-11-20,16,2847,17,0.00597119775201967
2020-11-04,2020-11-21,17,2847,5,0.0017562346329469617
2020-11-04,2020-11-22,18,2847,4,0.0014049877063575693
2020-11-04,2020-11-23,19,2847,3,0.001053740779768177
2020-11-04,2020-11-24,20,2847,10,0.0035124692658939235
2020-11-04,2020-11-25,21,2847,8,0.0028099754127151387
2020-11-04,2020-11-26,22,2847,1,0.00035124692658939234
2020-11-04,2020-11-27,23,2847,7,0.0024587284861257463
2020-11-04,2020-11-28,24,2847,2,0.00070249385317878467
2020-11-04,2020-11-29,25,2847,6,0.0021074815595363539
2020-11-04,2020-11-30,26,2847,7,0.0024587284861257463
2020-11-04,2020-12-01,27,2847,7,0.0024587284861257463
2020-11-04,2020-12-02,28,2847,7,0.0024587284861257463
2020-11-04,2020-12-03,29,2847,7,0.0024587284861257463
2020-11-04,2020-12-04,30,2847,13,0.0045662100456621
2020-11-05,2020-11-05,0,2412,2412,1.0
2020-11-05,2020-11-06,1,2412,129,0.053482587064676616
2020-11-05,2020-11-07,2,2412,24,0.0099502487562189053
2020-11-05,2020-11-08,3,2412,19,0.0078772802653399674
2020-11-05,2020-11-09,4,2412,24,0.0099502487562189053
2020-11-05,2020-11-10,5,2412,41,0.016998341625207296
2020-11-05,2020-11-11,6,2412,35,0.01451077943615257
2020-11-05,2020-11-12,7,2412,23,0.0095356550580431177
2020-11-05,2020-11-13,8,2412,8,0.0033167495854063019
2020-11-05,2020-11-14,9,2412,12,0.0049751243781094526
2020-11-05,2020-11-15,10,2412,5,0.0020729684908789387
2020-11-05,2020-11-16,11,2412,8,0.0033167495854063019
2020-11-05,2020-11-17,12,2412,13,0.00538971807628524
2020-11-05,2020-11-18,13,2412,5,0.0020729684908789387
2020-11-05,2020-11-19,14,2412,6,0.0024875621890547263
2020-11-05,2020-11-20,15,2412,9,0.0037313432835820895
2020-11-05,2020-11-21,16,2412,7,0.0029021558872305139
2020-11-05,2020-11-22,17,2412,2,0.00082918739635157548
2020-11-05,2020-11-23,18,2412,7,0.0029021558872305139
2020-11-05,2020-11-24,19,2412,10,0.0041459369817578775
2020-11-05,2020-11-25,20,2412,6,0.0024875621890547263
2020-11-05,2020-11-26,21,2412,5,0.0020729684908789387
2020-11-05,2020-11-27,22,2412,8,0.0033167495854063019
2020-11-05,2020-11-28,23,2412,5,0.0020729684908789387
2020-11-05,2020-11-29,24,2412,4,0.001658374792703151
2020-11-05,2020-11-30,25,2412,8,0.0033167495854063019
2020-11-05,2020-12-01,26,2412,10,0.0041459369817578775
2020-11-05,2020-12-02,27,2412,7,0.0029021558872305139
2020-11-05,2020-12-03,28,2412,9,0.0037313432835820895
2020-11-05,2020-12-04,29,2412,11,0.0045605306799336651
2020-11-05,2020-12-05,30,2412,7,0.0029021558872305139
2020-11-06,2020-11-06,0,2025,2025,1.0
2020-11-06,2020-11-07,1,2025,84,0.04148148148148148
2020-11-06,2020-11-08,2,2025,33,0.016296296296296295
2020-11-06,2020-11-09,3,2025,46,0.022716049382716048
2020-11-06,2020-11-10,4,2025,35,0.017283950617283949
2020-11-06,2020-11-11,5,2025,24,0.011851851851851851
2020-11-06,2020-11-12,6,2025,17,0.0083950617283950618
2020-11-06,2020-11-13,7,2025,22,0.010864197530864197
2020-11-06,2020-11-14,8,2025,12,0.0059259259259259256
2020-11-06,2020-11-15,9,2025,3,0.0014814814814814814
2020-11-06,2020-11-16,10,2025,8,0.0039506172839506174
2020-11-06,2020-11-17,11,2025,16,0.0079012345679012348
2020-11-06,2020-11-18,12,2025,12,0.0059259259259259256
2020-11-06,2020-11-19,13,2025,6,0.0029629629629629628
2020-11-06,2020-11-20,14,2025,14,0.0069135802469135806
2020-11-06,2020-11-21,15,2025,9,0.0044444444444444444
2020-11-06,2020-11-22,16,2025,6,0.0029629629629629628
2020-11-06,2020-11-23,17,2025,6,0.0029629629629629628
2020-11-06,2020-11-24,18,2025,9,0.0044444444444444444
2020-11-06,2020-11-25,19,2025,10,0.0049382716049382715
2020-11-06,2020-11-26,20,2025,4,0.0019753086419753087
2020-11-06,2020-11-27,21,2025,8,0.0039506172839506174
2020-11-06,2020-11-28,22,2025,1,0.00049382716049382717
2020-11-06,2020-11-29,23,2025,4,0.0019753086419753087
2020-11-06,2020-11-30,24,2025,4,0.0019753086419753087
2020-11-06,2020-12-01,25,2025,10,0.0049382716049382715
2020-11-06,2020-12-02,26,2025,6,0.0029629629629629628
2020-11-06,2020-12-03,27,2025,4,0.0019753086419753087
2020-11-06,2020-12-04,28,2025,5,0.0024691358024691358
2020-11-06,2020-12-05,29,2025,4,0.0019753086419753087
2020-11-06,2020-12-06,30,2025,1,0.00049382716049382717
2020-11-07,2020-11-07,0,1546,1546,1.0
2020-11-07,2020-11-08,1,1546,66,0.042690815006468305
2020-11-07,2020-11-09,2,1546,35,0.022639068564036222
2020-11-07,2020-11-10,3,1546,23,0.014877102199223804
2020-11-07,2020-11-11,4,1546,9,0.0058214747736093147
2020-11-07,2020-11-12,5,1546,10,0.00646830530401035
2020-11-07,2020-11-13,6,1546,7,0.0045278137128072441
2020-11-07,2020-11-14,7,1546,13,0.0084087968952134533
2020-11-07,2020-11-15,8,1546,4,0.00258732212160414
2020-11-07,2020-11-16,9,1546,2,0.00129366106080207
2020-11-07,2020-11-17,10,1546,7,0.0045278137128072441
2020-11-07,2020-11-18,11,1546,6,0.0038809831824062097
2020-11-07,2020-11-19,12,1546,7,0.0045278137128072441
2020-11-07,2020-11-20,13,1546,10,0.00646830530401035
2020-11-07,2020-11-21,14,1546,5,0.0032341526520051748
2020-11-07,2020-11-22,15,1546,1,0.000646830530401035
2020-11-07,2020-11-23,16,1546,11,0.0071151358344113845
2020-11-07,2020-11-24,17,1546,3,0.0019404915912031048
2020-11-07,2020-11-25,18,1546,3,0.0019404915912031048
2020-11-07,2020-11-26,19,1546,1,0.000646830530401035
2020-11-07,2020-11-27,20,1546,3,0.0019404915912031048
2020-11-07,2020-11-28,21,1546,4,0.00258732212160414
2020-11-07,2020-11-29,22,1546,3,0.0019404915912031048
2020-11-07,2020-11-30,23,1546,1,0.000646830530401035
2020-11-07,2020-12-01,24,1546,4,0.00258732212160414
2020-11-07,2020-12-02,25,1546,2,0.00129366106080207
2020-11-07,2020-12-03,26,1546,3,0.0019404915912031048
2020-11-07,2020-12-04,27,1546,1,0.000646830530401035
2020-11-07,2020-12-05,28,1546,4,0.00258732212160414
2020-11-07,2020-12-06,29,1546,0,0.0
2020-11-07,2020-12-07,30,1546,3,0.0019404915912031048
2020-11-08,2020-11-08,0,1520,1520,1.0
2020-11-08,2020-11-09,1,1520,82,0.053947368421052633
2020-11-08,2020-11-10,2,1520,36,0.02368421052631579
2020-11-08,2020-11-11,3,1520,11,0.0072368421052631578
2020-11-08,2020-11-12,4,1520,13,0.008552631578947369
2020-11-08,2020-11-13,5,1520,9,0.0059210526315789476
2020-11-08,2020-11-14,6,1520,4,0.002631578947368421
2020-11-08,2020-11-15,7,1520,9,0.0059210526315789476
2020-11-08,2020-11-16,8,1520,10,0.0065789473684210523
2020-11-08,2020-11-17,9,1520,6,0.0039473684210526317
2020-11-08,2020-11-18,10,1520,5,0.0032894736842105261
2020-11-08,2020-11-19,11,1520,5,0.0032894736842105261
2020-11-08,2020-11-20,12,1520,2,0.0013157894736842105
2020-11-08,2020-11-21,13,1520,1,0.00065789473684210525
2020-11-08,2020-11-22,14,1520,5,0.0032894736842105261
2020-11-08,2020-11-23,15,1520,2,0.0013157894736842105
2020-11-08,2020-11-24,16,1520,3,0.0019736842105263159
2020-11-08,2020-11-25,17,1520,9,0.0059210526315789476
2020-11-08,2020-11-26,18,1520,4,0.002631578947368421
2020-11-08,2020-11-27,19,1520,4,0.002631578947368421
2020-11-08,2020-11-28,20,1520,3,0.0019736842105263159
2020-11-08,2020-11-29,21,1520,4,0.002631578947368421
2020-11-08,2020-11-30,22,1520,1,0.00065789473684210525
2020-11-08,2020-12-01,23,1520,2,0.0013157894736842105
2020-11-08,2020-12-02,24,1520,8,0.005263157894736842
2020-11-08,2020-12-03,25,1520,3,0.0019736842105263159
2020-11-08,2020-12-04,26,1520,1,0.00065789473684210525
2020-11-08,2020-12-05,27,1520,0,0.0
2020-11-08,2020-12-06,28,1520,4,0.002631578947368421
2020-11-08,2020-12-07,29,1520,4,0.002631578947368421
2020-11-08,2020-12-08,30,1520,2,0.0013157894736842105
2020-11-09,2020-11-09,0,2085,2085,1.0
2020-11-09,2020-11-10,1,2085,101,0.048441247002398082
2020-11-09,2020-11-11,2,2085,49,0.023501199040767386
2020-11-09,2020-11-12,3,2085,34,0.016306954436450839
2020-11-09,2020-11-13,4,2085,24,0.011510791366906475
2020-11-09,2020-11-14,5,2085,13,0.0062350119904076738
2020-11-09,2020-11-15,6,2085,14,0.00671462829736211
2020-11-09,2020-11-16,7,2085,43,0.020623501199040769
2020-11-09,2020-11-17,8,2085,20,0.0095923261390887284
2020-11-09,2020-11-18,9,2085,16,0.0076738609112709834
2020-11-09,2020-11-19,10,2085,13,0.0062350119904076738
2020-11-09,2020-11-20,11,2085,14,0.00671462829736211
2020-11-09,2020-11-21,12,2085,5,0.0023980815347721821
2020-11-09,2020-11-22,13,2085,12,0.0057553956834532375
2020-11-09,2020-11-23,14,2085,13,0.0062350119904076738
2020-11-09,2020-11-24,15,2085,16,0.0076738609112709834
2020-11-09,2020-11-25,16,2085,7,0.003357314148681055
2020-11-09,2020-11-26,17,2085,5,0.0023980815347721821
2020-11-09,2020-11-27,18,2085,3,0.0014388489208633094
2020-11-09,2020-11-28,19,2085,7,0.003357314148681055
2020-11-09,2020-11-29,20,2085,1,0.00047961630695443646
2020-11-09,2020-11-30,21,2085,7,0.003357314148681055
2020-11-09,2020-12-01,22,2085,7,0.003357314148681055
2020-11-09,2020-12-02,23,2085,6,0.0028776978417266188
2020-11-09,2020-12-03,24,2085,8,0.0038369304556354917
2020-11-09,2020-12-04,25,2085,4,0.0019184652278177458
2020-11-09,2020-12-05,26,2085,3,0.0014388489208633094
2020-11-09,2020-12-06,27,2085,0,0.0
2020-11-09,2020-12-07,28,2085,9,0.0043165467625899279
2020-11-09,2020-12-08,29,2085,8,0.0038369304556354917
2020-11-09,2020-12-09,30,2085,7,0.003357314148681055
2020-11-10,2020-11-10,0,2452,2452,1.0
2020-11-10,2020-11-11,1,2452,157,0.064029363784665574
2020-11-10,2020-11-12,2,2452,65,0.026508972267536703
2020-11-10,2020-11-13,3,2452,32,0.013050570962479609
2020-11-10,2020-11-14,4,2452,14,0.0057096247960848291
2020-11-10,2020-11-15,5,2452,16,0.0065252854812398045
2020-11-10,2020-11-16,6,2452,27,0.01101141924959217
2020-11-10,2020-11-17,7,2452,33,0.013458401305057096
2020-11-10,2020-11-18,8,2452,22,0.00897226753670473
2020-11-10,2020-11-19,9,2452,24,0.0097879282218597055
2020-11-10,2020-11-20,10,2452,18,0.00734094616639478
2020-11-10,2020-11-21,11,2452,12,0.0048939641109298528
2020-11-10,2020-11-22,12,2452,4,0.0016313213703099511
2020-11-10,2020-11-23,13,2452,16,0.0065252854812398045
2020-11-10,2020-11-24,14,2452,13,0.0053017944535073414
2020-11-10,2020-11-25,15,2452,12,0.0048939641109298528
2020-11-10,2020-11-26,16,2452,7,0.0028548123980424145
2020-11-10,2020-11-27,17,2452,6,0.0024469820554649264
2020-11-10,2020-11-28,18,2452,5,0.0020391517128874386
2020-11-10,2020-11-29,19,2452,4,0.0016313213703099511
2020-11-10,2020-11-30,20,2452,11,0.004486133768352365
2020-11-10,2020-12-01,21,2452,14,0.0057096247960848291
2020-11-10,2020-12-02,22,2452,11,0.004486133768352365
2020-11-10,2020-12-03,23,2452,12,0.0048939641109298528
2020-11-10,2020-12-04,24,2452,6,0.0024469820554649264
2020-11-10,2020-12-05,25,2452,3,0.0012234910277324632
2020-11-10,2020-12-06,26,2452,3,0.0012234910277324632
2020-11-10,2020-12-07,27,2452,8,0.0032626427406199023
2020-11-10,2020-12-08,28,2452,9,0.00367047308319739
2020-11-10,2020-12-09,29,2452,14,0.0057096247960848291
2020-11-10,2020-12-10,30,2452,9,0.00367047308319739
2020-11-11,2020-11-11,0,2443,2443,1.0
2020-11-11,2020-11-12,1,2443,164,0.067130577159230459
2020-11-11,2020-11-13,2,2443,41,0.016782644289807615
2020-11-11,2020-11-14,3,2443,16,0.0065493246009005321
2020-11-11,2020-11-15,4,2443,16,0.0065493246009005321
2020-11-11,2020-11-16,5,2443,29,0.011870650839132215
2020-11-11,2020-11-17,6,2443,28,0.011461318051575931
2020-11-11,2020-11-18,7,2443,33,0.013507981989357348
2020-11-11,2020-11-19,8,2443,31,0.012689316414244782
2020-11-11,2020-11-20,9,2443,21,0.0085959885386819486
2020-11-11,2020-11-21,10,2443,4,0.001637331150225133
2020-11-11,2020-11-22,11,2443,9,0.0036839950880065493
2020-11-11,2020-11-23,12,2443,15,0.0061399918133442487
2020-11-11,2020-11-24,13,2443,19,0.007777322963569382
2020-11-11,2020-11-25,14,2443,15,0.0061399918133442487
2020-11-11,2020-11-26,15,2443,15,0.0061399918133442487
2020-11-11,2020-11-27,16,2443,13,0.0053213262382316821
2020-11-11,2020-11-28,17,2443,3,0.0012279983626688497
2020-11-11,2020-11-29,18,2443,3,0.0012279983626688497
2020-11-11,2020-11-30,19,2443,9,0.0036839950880065493
2020-11-11,2020-12-01,20,2443,11,0.0045026606631191155
2020-11-11,2020-12-02,21,2443,10,0.0040933278755628322
2020-11-11,2020-12-03,22,2443,9,0.0036839950880065493
2020-11-11,2020-12-04,23,2443,9,0.0036839950880065493
2020-11-11,2020-12-05,24,2443,4,0.001637331150225133
2020-11-11,2020-12-06,25,2443,8,0.003274662300450266
2020-11-11,2020-12-07,26,2443,10,0.0040933278755628322
2020-11-11,2020-12-08,27,2443,9,0.0036839950880065493
2020-11-11,2020-12-09,28,2443,8,0.003274662300450266
2020-11-11,2020-12-10,29,2443,5,0.0020466639377814161
2020-11-11,2020-12-11,30,2443,8,0.003274662300450266
2020-11-12,2020-11-12,0,2272,2272,1.0
2020-11-12,2020-11-13,1,2272,107,0.047095070422535211
2020-11-12,2020-11-14,2,2272,35,0.015404929577464789
2020-11-12,2020-11-15,3,2272,20,0.0088028169014084511
2020-11-12,2020-11-16,4,2272,35,0.015404929577464789
2020-11-12,2020-11-17,5,2272,36,0.015845070422535211
2020-11-12,2020-11-18,6,2272,24,0.010563380281690141
2020-11-12,2020-11-19,7,2272,22,0.009683098591549295
2020-11-12,2020-11-20,8,2272,10,0.0044014084507042256
2020-11-12,2020-11-21,9,2272,9,0.0039612676056338027
2020-11-12,2020-11-22,10,2272,5,0.0022007042253521128
2020-11-12,2020-11-23,11,2272,15,0.0066021126760563379
2020-11-12,2020-11-24,12,2272,20,0.0088028169014084511
2020-11-12,2020-11-25,13,2272,10,0.0044014084507042256
2020-11-12,2020-11-26,14,2272,18,0.0079225352112676055
2020-11-12,2020-11-27,15,2272,11,0.0048415492957746475
2020-11-12,2020-11-28,16,2272,2,0.00088028169014084509
2020-11-12,2020-11-29,17,2272,8,0.0035211267605633804
2020-11-12,2020-11-30,18,2272,11,0.0048415492957746475
2020-11-12,2020-12-01,19,2272,7,0.0030809859154929575
2020-11-12,2020-12-02,20,2272,13,0.0057218309859154931
2020-11-12,2020-12-03,21,2272,18,0.0079225352112676055
2020-11-12,2020-12-04,22,2272,8,0.0035211267605633804
2020-11-12,2020-12-05,23,2272,2,0.00088028169014084509
2020-11-12,2020-12-06,24,2272,4,0.0017605633802816902
2020-11-12,2020-12-07,25,2272,6,0.0026408450704225352
2020-11-12,2020-12-08,26,2272,12,0.00528169014084507
2020-11-12,2020-12-09,27,2272,11,0.0048415492957746475
2020-11-12,2020-12-10,28,2272,14,0.0061619718309859151
2020-11-12,2020-12-11,29,2272,8,0.0035211267605633804
2020-11-12,2020-12-12,30,2272,5,0.0022007042253521128
2020-11-13,2020-11-13,0,2150,2150,1.0
2020-11-13,2020-11-14,1,2150,81,0.037674418604651164
2020-11-13,2020-11-15,2,2150,35,0.01627906976744186
2020-11-13,2020-11-16,3,2150,48,0.022325581395348838
2020-11-13,2020-11-17,4,2150,38,0.017674418604651163
2020-11-13,2020-11-18,5,2150,34,0.015813953488372091
2020-11-13,2020-11-19,6,2150,24,0.011162790697674419
2020-11-13,2020-11-20,7,2150,34,0.015813953488372091
2020-11-13,2020-11-21,8,2150,12,0.0055813953488372094
2020-11-13,2020-11-22,9,2150,6,0.0027906976744186047
2020-11-13,2020-11-23,10,2150,9,0.0041860465116279073
2020-11-13,2020-11-24,11,2150,11,0.0051162790697674414
2020-11-13,2020-11-25,12,2150,12,0.0055813953488372094
2020-11-13,2020-11-26,13,2150,10,0.0046511627906976744
2020-11-13,2020-11-27,14,2150,9,0.0041860465116279073
2020-11-13,2020-11-28,15,2150,3,0.0013953488372093023
2020-11-13,2020-11-29,16,2150,4,0.0018604651162790699
2020-11-13,2020-11-30,17,2150,4,0.0018604651162790699
2020-11-13,2020-12-01,18,2150,10,0.0046511627906976744
2020-11-13,2020-12-02,19,2150,7,0.0032558139534883722
2020-11-13,2020-12-03,20,2150,4,0.0018604651162790699
2020-11-13,2020-12-04,21,2150,12,0.0055813953488372094
2020-11-13,2020-12-05,22,2150,3,0.0013953488372093023
2020-11-13,2020-12-06,23,2150,2,0.00093023255813953494
2020-11-13,2020-12-07,24,2150,13,0.0060465116279069765
2020-11-13,2020-12-08,25,2150,12,0.0055813953488372094
2020-11-13,2020-12-09,26,2150,16,0.0074418604651162795
2020-11-13,2020-12-10,27,2150,15,0.0069767441860465115
2020-11-13,2020-12-11,28,2150,17,0.0079069767441860457
2020-11-13,2020-12-12,29,2150,3,0.0013953488372093023
2020-11-13,2020-12-13,30,2150,1,0.00046511627906976747
2020-11-14,2020-11-14,0,1622,1622,1.0
2020-11-14,2020-11-15,1,1622,76,0.0468557336621455
2020-11-14,2020-11-16,2,1622,32,0.019728729963008632
2020-11-14,2020-11-17,3,1622,21,0.012946979038224414
2020-11-14,2020-11-18,4,1622,17,0.010480887792848335
2020-11-14,2020-11-19,5,1622,16,0.0098643649815043158
2020-11-14,2020-11-20,6,1622,13,0.0080147965474722561
2020-11-14,2020-11-21,7,1622,11,0.0067817509247842167
2020-11-14,2020-11-22,8,1622,10,0.0061652281134401974
2020-11-14,2020-11-23,9,1622,9,0.0055487053020961772
2020-11-14,2020-11-24,10,1622,7,0.0043156596794081377
2020-11-14,2020-11-25,11,1622,7,0.0043156596794081377
2020-11-14,2020-11-26,12,1622,4,0.0024660912453760789
2020-11-14,2020-11-27,13,1622,2,0.0012330456226880395
2020-11-14,2020-11-28,14,1622,3,0.0018495684340320592
2020-11-14,2020-11-29,15,1622,2,0.0012330456226880395
2020-11-14,2020-11-30,16,1622,8,0.0049321824907521579
2020-11-14,2020-12-01,17,1622,4,0.0024660912453760789
2020-11-14,2020-12-02,18,1622,2,0.0012330456226880395
2020-11-14,2020-12-03,19,1622,4,0.0024660912453760789
2020-11-14,2020-12-04,20,1622,3,0.0018495684340320592
2020-11-14,2020-12-05,21,1622,5,0.0030826140567200987
2020-11-14,2020-12-06,22,1622,2,0.0012330456226880395
2020-11-14,2020-12-07,23,1622,3,0.0018495684340320592
2020-11-14,2020-12-08,24,1622,7,0.0043156596794081377
2020-11-14,2020-12-09,25,1622,6,0.0036991368680641184
2020-11-14,2020-12-10,26,1622,5,0.0030826140567200987
2020-11-14,2020-12-11,27,1622,4,0.0024660912453760789
2020-11-14,2020-12-12,28,1622,2,0.0012330456226880395
2020-11-14,2020-12-13,29,1622,4,0.0024660912453760789
2020-11-14,2020-12-14,30,1622,3,0.0018495684340320592
2020-11-15,2020-11-15,0,1566,1566,1.0
2020-11-15,2020-11-16,1,1566,80,0.05108556832694764
2020-11-15,2020-11-17,2,1566,32,0.020434227330779056
2020-11-15,2020-11-18,3,1566,29,0.018518518518518517
2020-11-15,2020-11-19,4,1566,14,0.0089399744572158362
2020-11-15,2020-11-20,5,1566,11,0.0070242656449553
2020-11-15,2020-11-21,6,1566,12,0.0076628352490421452
2020-11-15,2020-11-22,7,1566,10,0.0063856960408684551
2020-11-15,2020-11-23,8,1566,8,0.005108556832694764
2020-11-15,2020-11-24,9,1566,6,0.0038314176245210726
2020-11-15,2020-11-25,10,1566,4,0.002554278416347382
2020-11-15,2020-11-26,11,1566,4,0.002554278416347382
2020-11-15,2020-11-27,12,1566,6,0.0038314176245210726
2020-11-15,2020-11-28,13,1566,9,0.0057471264367816091
2020-11-15,2020-11-29,14,1566,8,0.005108556832694764
2020-11-15,2020-11-30,15,1566,5,0.0031928480204342275
2020-11-15,2020-12-01,16,1566,4,0.002554278416347382
2020-11-15,2020-12-02,17,1566,2,0.001277139208173691
2020-11-15,2020-12-03,18,1566,3,0.0019157088122605363
2020-11-15,2020-12-04,19,1566,2,0.001277139208173691
2020-11-15,2020-12-05,20,1566,3,0.0019157088122605363
2020-11-15,2020-12-06,21,1566,5,0.0031928480204342275
2020-11-15,2020-12-07,22,1566,6,0.0038314176245210726
2020-11-15,2020-12-08,23,1566,2,0.001277139208173691
2020-11-15,2020-12-09,24,1566,6,0.0038314176245210726
2020-11-15,2020-12-10,25,1566,3,0.0019157088122605363
2020-11-15,2020-12-11,26,1566,3,0.0019157088122605363
2020-11-15,2020-12-12,27,1566,5,0.0031928480204342275
2020-11-15,2020-12-13,28,1566,2,0.001277139208173691
2020-11-15,2020-12-14,29,1566,1,0.00063856960408684551
2020-11-15,2020-12-15,30,1566,0,0.0
2020-11-16,2020-11-16,0,2334,2334,1.0
2020-11-16,2020-11-17,1,2334,156,0.066838046272493568
2020-11-16,2020-11-18,2,2334,57,0.024421593830334189
2020-11-16,2020-11-19,3,2334,32,0.013710368466152529
2020-11-16,2020-11-20,4,2334,23,0.00985432733504713
2020-11-16,2020-11-21,5,2334,18,0.0077120822622107968
2020-11-16,2020-11-22,6,2334,17,0.00728363324764353
2020-11-16,2020-11-23,7,2334,19,0.0081405312767780635
2020-11-16,2020-11-24,8,2334,16,0.0068551842330762643
2020-11-16,2020-11-25,9,2334,17,0.00728363324764353
2020-11-16,2020-11-26,10,2334,21,0.0089974293059125968
2020-11-16,2020-11-27,11,2334,16,0.0068551842330762643
2020-11-16,2020-11-28,12,2334,8,0.0034275921165381321
2020-11-16,2020-11-29,13,2334,11,0.0047129391602399318
2020-11-16,2020-11-30,14,2334,12,0.0051413881748071976
2020-11-16,2020-12-01,15,2334,14,0.0059982862039417309
2020-11-16,2020-12-02,16,2334,10,0.0042844901456726651
2020-11-16,2020-12-03,17,2334,14,0.0059982862039417309
2020-11-16,2020-12-04,18,2334,7,0.0029991431019708655
2020-11-16,2020-12-05,19,2334,7,0.0029991431019708655
2020-11-16,2020-12-06,20,2334,7,0.0029991431019708655
2020-11-16,2020-12-07,21,2334,12,0.0051413881748071976
2020-11-16,2020-12-08,22,2334,9,0.0038560411311053984
2020-11-16,2020-12-09,23,2334,11,0.0047129391602399318
2020-11-16,2020-12-10,24,2334,9,0.0038560411311053984
2020-11-16,2020-12-11,25,2334,7,0.0029991431019708655
2020-11-16,2020-12-12,26,2334,4,0.0017137960582690661
2020-11-16,2020-12-13,27,2334,1,0.00042844901456726652
2020-11-16,2020-12-14,28,2334,9,0.0038560411311053984
2020-11-16,2020-12-15,29,2334,8,0.0034275921165381321
2020-11-16,2020-12-16,30,2334,5,0.0021422450728363325
2020-11-17,2020-11-17,0,2561,2561,1.0
2020-11-17,2020-11-18,1,2561,159,0.062085122998828582
2020-11-17,2020-11-19,2,2561,75,0.029285435376805936
2020-11-17,2020-11-20,3,2561,45,0.017571261226083563
2020-11-17,2020-11-21,4,2561,28,0.010933229207340883
2020-11-17,2020-11-22,5,2561,25,0.0097618117922686452
2020-11-17,2020-11-23,6,2561,23,0.0089808668488871538
2020-11-17,2020-11-24,7,2561,34,0.013276064037485357
2020-11-17,2020-11-25,8,2561,29,0.011323701679031628
2020-11-17,2020-11-26,9,2561,13,0.005076142131979695
2020-11-17,2020-11-27,10,2561,5,0.001952362358453729
2020-11-17,2020-11-28,11,2561,15,0.0058570870753611873
2020-11-17,2020-11-29,12,2561,12,0.0046856696602889493
2020-11-17,2020-11-30,13,2561,16,0.006247559547051933
2020-11-17,2020-12-01,14,2561,20,0.0078094494338149158
2020-11-17,2020-12-02,15,2561,15,0.0058570870753611873
2020-11-17,2020-12-03,16,2561,25,0.0097618117922686452
2020-11-17,2020-12-04,17,2561,14,0.0054666146036704416
2020-11-17,2020-12-05,18,2561,7,0.0027333073018352208
2020-11-17,2020-12-06,19,2561,6,0.0023428348301444747
2020-11-17,2020-12-07,20,2561,17,0.0066380320187426787
2020-11-17,2020-12-08,21,2561,18,0.0070285044904334244
2020-11-17,2020-12-09,22,2561,19,0.00741897696212417
2020-11-17,2020-12-10,23,2561,11,0.0042951971885982036
2020-11-17,2020-12-11,24,2561,9,0.0035142522452167122
2020-11-17,2020-12-12,25,2561,8,0.0031237797735259665
2020-11-17,2020-12-13,26,2561,1,0.00039047247169074581
2020-11-17,2020-12-14,27,2561,12,0.0046856696602889493
2020-11-17,2020-12-15,28,2561,16,0.006247559547051933
2020-11-17,2020-12-16,29,2561,10,0.0039047247169074579
2020-11-17,2020-12-17,30,2561,13,0.005076142131979695
2020-11-18,2020-11-18,0,2636,2636,1.0
2020-11-18,2020-11-19,1,2636,165,0.0625948406676783
2020-11-18,2020-11-20,2,2636,51,0.019347496206373292
2020-11-18,2020-11-21,3,2636,26,0.0098634294385432468
2020-11-18,2020-11-22,4,2636,16,0.0060698027314112293
2020-11-18,2020-11-23,5,2636,33,0.01251896813353566
2020-11-18,2020-11-24,6,2636,26,0.0098634294385432468
2020-11-18,2020-11-25,7,2636,20,0.0075872534142640367
2020-11-18,2020-11-26,8,2636,15,0.0056904400606980271
2020-11-18,2020-11-27,9,2636,15,0.0056904400606980271
2020-11-18,2020-11-28,10,2636,6,0.002276176024279211
2020-11-18,2020-11-29,11,2636,9,0.0034142640364188165
2020-11-18,2020-11-30,12,2636,11,0.00417298937784522
2020-11-18,2020-12-01,13,2636,16,0.0060698027314112293
2020-11-18,2020-12-02,14,2636,15,0.0056904400606980271
2020-11-18,2020-12-03,15,2636,9,0.0034142640364188165
2020-11-18,2020-12-04,16,2636,13,0.0049317147192716234
2020-11-18,2020-12-05,17,2636,7,0.0026555386949924128
2020-11-18,2020-12-06,18,2636,5,0.0018968133535660092
2020-11-18,2020-12-07,19,2636,8,0.0030349013657056147
2020-11-18,2020-12-08,20,2636,12,0.004552352048558422
2020-11-18,2020-12-09,21,2636,16,0.0060698027314112293
2020-11-18,2020-12-10,22,2636,11,0.00417298937784522
2020-11-18,2020-12-11,23,2636,14,0.0053110773899848257
2020-11-18,2020-12-12,24,2636,5,0.0018968133535660092
2020-11-18,2020-12-13,25,2636,6,0.002276176024279211
2020-11-18,2020-12-14,26,2636,3,0.0011380880121396055
2020-11-18,2020-12-15,27,2636,13,0.0049317147192716234
2020-11-18,2020-12-16,28,2636,16,0.0060698027314112293
2020-11-18,2020-12-17,29,2636,6,0.002276176024279211
2020-11-18,2020-12-18,30,2636,7,0.0026555386949924128
2020-11-19,2020-11-19,0,2689,2689,1.0
2020-11-19,2020-11-20,1,2689,164,0.060989215321680924
2020-11-19,2020-11-21,2,2689,46,0.017106731126812942
2020-11-19,2020-11-22,3,2689,26,0.009669021941242098
2020-11-19,2020-11-23,4,2689,40,0.014875418371141688
2020-11-19,2020-11-24,5,2689,32,0.01190033469691335
2020-11-19,2020-11-25,6,2689,24,0.0089252510226850122
2020-11-19,2020-11-26,7,2689,18,0.00669393826701376
2020-11-19,2020-11-27,8,2689,16,0.0059501673484566751
2020-11-19,2020-11-28,9,2689,10,0.003718854592785422
2020-11-19,2020-11-29,10,2689,3,0.0011156563778356265
2020-11-19,2020-11-30,11,2689,21,0.0078095946448493861
2020-11-19,2020-12-01,12,2689,23,0.0085533655634064711
2020-11-19,2020-12-02,13,2689,23,0.0085533655634064711
2020-11-19,2020-12-03,14,2689,17,0.0063220528077352171
2020-11-19,2020-12-04,15,2689,19,0.0070658237262923021
2020-11-19,2020-12-05,16,2689,6,0.0022313127556712531
2020-11-19,2020-12-06,17,2689,5,0.001859427296392711
2020-11-19,2020-12-07,18,2689,11,0.0040907400520639641
2020-11-19,2020-12-08,19,2689,14,0.005206396429899591
2020-11-19,2020-12-09,20,2689,13,0.004834510970621049
2020-11-19,2020-12-10,21,2689,15,0.0055782818891781331
2020-11-19,2020-12-11,22,2689,8,0.0029750836742283376
2020-11-19,2020-12-12,23,2689,3,0.0011156563778356265
2020-11-19,2020-12-13,24,2689,6,0.0022313127556712531
2020-11-19,2020-12-14,25,2689,9,0.00334696913350688
2020-11-19,2020-12-15,26,2689,9,0.00334696913350688
2020-11-19,2020-12-16,27,2689,12,0.0044626255113425061
2020-11-19,2020-12-17,28,2689,14,0.005206396429899591
2020-11-19,2020-12-18,29,2689,3,0.0011156563778356265
2020-11-19,2020-12-19,30,2689,2,0.00074377091855708439
2020-11-20,2020-11-20,0,2626,2626,1.0
2020-11-20,2020-11-21,1,2626,138,0.052551408987052552
2020-11-20,2020-11-22,2,2626,43,0.016374714394516376
2020-11-20,2020-11-23,3,2626,60,0.02284843869002285
2020-11-20,2020-11-24,4,2626,31,0.011805026656511805
2020-11-20,2020-11-25,5,2626,39,0.014851485148514851
2020-11-20,2020-11-26,6,2626,25,0.00952018278750952
2020-11-20,2020-11-27,7,2626,28,0.010662604722010662
2020-11-20,2020-11-28,8,2626,16,0.0060929169840060931
2020-11-20,2020-11-29,9,2626,15,0.0057121096725057125
2020-11-20,2020-11-30,10,2626,20,0.0076161462300076161
2020-11-20,2020-12-01,11,2626,20,0.0076161462300076161
2020-11-20,2020-12-02,12,2626,21,0.0079969535415079975
2020-11-20,2020-12-03,13,2626,16,0.0060929169840060931
2020-11-20,2020-12-04,14,2626,22,0.0083777608530083772
2020-11-20,2020-12-05,15,2626,4,0.0015232292460015233
2020-11-20,2020-12-06,16,2626,5,0.001904036557501904
2020-11-20,2020-12-07,17,2626,5,0.001904036557501904
2020-11-20,2020-12-08,18,2626,11,0.0041888804265041886
2020-11-20,2020-12-09,19,2626,13,0.0049504950495049506
2020-11-20,2020-12-10,20,2626,14,0.0053313023610053311
2020-11-20,2020-12-11,21,2626,11,0.0041888804265041886
2020-11-20,2020-12-12,22,2626,8,0.0030464584920030465
2020-11-20,2020-12-13,23,2626,3,0.0011424219345011425
2020-11-20,2020-12-14,24,2626,11,0.0041888804265041886
2020-11-20,2020-12-15,25,2626,12,0.00456968773800457
2020-11-20,2020-12-16,26,2626,11,0.0041888804265041886
2020-11-20,2020-12-17,27,2626,17,0.0064737242955064736
2020-11-20,2020-12-18,28,2626,12,0.00456968773800457
2020-11-20,2020-12-19,29,2626,4,0.0015232292460015233
2020-11-20,2020-12-20,30,2626,5,0.001904036557501904
2020-11-21,2020-11-21,0,2173,2173,1.0
2020-11-21,2020-11-22,1,2173,110,0.050621260929590427
2020-11-21,2020-11-23,2,2173,44,0.02024850437183617
2020-11-21,2020-11-24,3,2173,33,0.015186378278877128
2020-11-21,2020-11-25,4,2173,23,0.010584445467096181
2020-11-21,2020-11-26,5,2173,22,0.010124252185918085
2020-11-21,2020-11-27,6,2173,18,0.008283479061205707
2020-11-21,2020-11-28,7,2173,16,0.0073630924988495172
2020-11-21,2020-11-29,8,2173,11,0.0050621260929590425
2020-11-21,2020-11-30,9,2173,18,0.008283479061205707
2020-11-21,2020-12-01,10,2173,6,0.0027611596870685687
2020-11-21,2020-12-02,11,2173,16,0.0073630924988495172
2020-11-21,2020-12-03,12,2173,8,0.0036815462494247586
2020-11-21,2020-12-04,13,2173,11,0.0050621260929590425
2020-11-21,2020-12-05,14,2173,9,0.0041417395306028535
2020-11-21,2020-12-06,15,2173,6,0.0027611596870685687
2020-11-21,2020-12-07,16,2173,6,0.0027611596870685687
2020-11-21,2020-12-08,17,2173,8,0.0036815462494247586
2020-11-21,2020-12-09,18,2173,8,0.0036815462494247586
2020-11-21,2020-12-10,19,2173,4,0.0018407731247123793
2020-11-21,2020-12-11,20,2173,10,0.0046019328117809476
2020-11-21,2020-12-12,21,2173,7,0.0032213529682466636
2020-11-21,2020-12-13,22,2173,6,0.0027611596870685687
2020-11-21,2020-12-14,23,2173,3,0.0013805798435342844
2020-11-21,2020-12-15,24,2173,5,0.0023009664058904738
2020-11-21,2020-12-16,25,2173,7,0.0032213529682466636
2020-11-21,2020-12-17,26,2173,3,0.0013805798435342844
2020-11-21,2020-12-18,27,2173,3,0.0013805798435342844
2020-11-21,2020-12-19,28,2173,4,0.0018407731247123793
2020-11-21,2020-12-20,29,2173,4,0.0018407731247123793
2020-11-21,2020-12-21,30,2173,2,0.00092038656235618964
2020-11-22,2020-11-22,0,1887,1887,1.0
2020-11-22,2020-11-23,1,1887,88,0.04663487016428193
2020-11-22,2020-11-24,2,1887,38,0.020137784843667197
2020-11-22,2020-11-25,3,1887,28,0.01483836777954425
2020-11-22,2020-11-26,4,1887,16,0.0084790673025967149
2020-11-22,2020-11-27,5,1887,20,0.010598834128245893
2020-11-22,2020-11-28,6,1887,18,0.009538950715421303
2020-11-22,2020-11-29,7,1887,14,0.0074191838897721251
2020-11-22,2020-11-30,8,1887,11,0.0058293587705352413
2020-11-22,2020-12-01,9,1887,8,0.0042395336512983575
2020-11-22,2020-12-02,10,1887,3,0.001589825119236884
2020-11-22,2020-12-03,11,1887,7,0.0037095919448860626
2020-11-22,2020-12-04,12,1887,4,0.0021197668256491787
2020-11-22,2020-12-05,13,1887,3,0.001589825119236884
2020-11-22,2020-12-06,14,1887,5,0.0026497085320614732
2020-11-22,2020-12-07,15,1887,3,0.001589825119236884
2020-11-22,2020-12-08,16,1887,6,0.0031796502384737681
2020-11-22,2020-12-09,17,1887,7,0.0037095919448860626
2020-11-22,2020-12-10,18,1887,4,0.0021197668256491787
2020-11-22,2020-12-11,19,1887,1,0.00052994170641229468
2020-11-22,2020-12-12,20,1887,2,0.0010598834128245894
2020-11-22,2020-12-13,21,1887,6,0.0031796502384737681
2020-11-22,2020-12-14,22,1887,5,0.0026497085320614732
2020-11-22,2020-12-15,23,1887,0,0.0
2020-11-22,2020-12-16,24,1887,2,0.0010598834128245894
2020-11-22,2020-12-17,25,1887,1,0.00052994170641229468
2020-11-22,2020-12-18,26,1887,2,0.0010598834128245894
2020-11-22,2020-12-19,27,1887,5,0.0026497085320614732
2020-11-22,2020-12-20,28,1887,4,0.0021197668256491787
2020-11-22,2020-12-21,29,1887,1,0.00052994170641229468
2020-11-22,2020-12-22,30,1887,1,0.00052994170641229468
2020-11-23,2020-11-23,0,2640,2640,1.0
2020-11-23,2020-11-24,1,2640,171,0.064772727272727273
2020-11-23,2020-11-25,2,2640,60,0.022727272727272728
2020-11-23,2020-11-26,3,2640,32,0.012121212121212121
2020-11-23,2020-11-27,4,2640,24,0.00909090909090909
2020-11-23,2020-11-28,5,2640,24,0.00909090909090909
2020-11-23,2020-11-29,6,2640,13,0.0049242424242424239
2020-11-23,2020-11-30,7,2640,28,0.010606060606060607
2020-11-23,2020-12-01,8,2640,23,0.0087121212121212127
2020-11-23,2020-12-02,9,2640,20,0.007575757575757576
2020-11-23,2020-12-03,10,2640,25,0.00946969696969697
2020-11-23,2020-12-04,11,2640,15,0.005681818181818182
2020-11-23,2020-12-05,12,2640,2,0.00075757575757575758
2020-11-23,2020-12-06,13,2640,6,0.0022727272727272726
2020-11-23,2020-12-07,14,2640,19,0.0071969696969696973
2020-11-23,2020-12-08,15,2640,23,0.0087121212121212127
2020-11-23,2020-12-09,16,2640,9,0.0034090909090909089
2020-11-23,2020-12-10,17,2640,11,0.0041666666666666666
2020-11-23,2020-12-11,18,2640,10,0.003787878787878788
2020-11-23,2020-12-12,19,2640,6,0.0022727272727272726
2020-11-23,2020-12-13,20,2640,10,0.003787878787878788
2020-11-23,2020-12-14,21,2640,13,0.0049242424242424239
2020-11-23,2020-12-15,22,2640,9,0.0034090909090909089
2020-11-23,2020-12-16,23,2640,6,0.0022727272727272726
2020-11-23,2020-12-17,24,2640,10,0.003787878787878788
2020-11-23,2020-12-18,25,2640,5,0.001893939393939394
2020-11-23,2020-12-19,26,2640,2,0.00075757575757575758
2020-11-23,2020-12-20,27,2640,3,0.0011363636363636363
2020-11-23,2020-12-21,28,2640,6,0.0022727272727272726
2020-11-23,2020-12-22,29,2640,10,0.003787878787878788
2020-11-23,2020-12-23,30,2640,1,0.00037878787878787879
2020-11-24,2020-11-24,0,2741,2741,1.0
2020-11-24,2020-11-25,1,2741,162,0.059102517329441807
2020-11-24,2020-11-26,2,2741,53,0.019336008755928492
2020-11-24,2020-11-27,3,2741,31,0.011309740970448741
2020-11-24,2020-11-28,4,2741,23,0.0083910981393651943
2020-11-24,2020-11-29,5,2741,25,0.0091207588471360814
2020-11-24,2020-11-30,6,2741,34,0.012404232032105071
2020-11-24,2020-12-01,7,2741,36,0.013133892739875957
2020-11-24,2020-12-02,8,2741,20,0.0072966070777088655
2020-11-24,2020-12-03,9,2741,22,0.0080262677854797525
2020-11-24,2020-12-04,10,2741,16,0.0058372856621670922
2020-11-24,2020-12-05,11,2741,8,0.0029186428310835461
2020-11-24,2020-12-06,12,2741,5,0.0018241517694272164
2020-11-24,2020-12-07,13,2741,22,0.0080262677854797525
2020-11-24,2020-12-08,14,2741,17,0.0062021160160525357
2020-11-24,2020-12-09,15,2741,20,0.0072966070777088655
2020-11-24,2020-12-10,16,2741,13,0.0047427946005107625
2020-11-24,2020-12-11,17,2741,9,0.0032834731849689892
2020-11-24,2020-12-12,18,2741,8,0.0029186428310835461
2020-11-24,2020-12-13,19,2741,4,0.0014593214155417731
2020-11-24,2020-12-14,20,2741,16,0.0058372856621670922
2020-11-24,2020-12-15,21,2741,14,0.005107624954396206
2020-11-24,2020-12-16,22,2741,8,0.0029186428310835461
2020-11-24,2020-12-17,23,2741,8,0.0029186428310835461
2020-11-24,2020-12-18,24,2741,12,0.0043779642466253189
2020-11-24,2020-12-19,25,2741,4,0.0014593214155417731
2020-11-24,2020-12-20,26,2741,4,0.0014593214155417731
2020-11-24,2020-12-21,27,2741,6,0.0021889821233126595
2020-11-24,2020-12-22,28,2741,5,0.0018241517694272164
2020-11-24,2020-12-23,29,2741,8,0.0029186428310835461
2020-11-24,2020-12-24,30,2741,0,0.0
2020-11-25,2020-11-25,0,2895,2895,1.0
2020-11-25,2020-11-26,1,2895,132,0.045595854922279792
2020-11-25,2020-11-27,2,2895,51,0.017616580310880828
2020-11-25,2020-11-28,3,2895,25,0.0086355785837651123
2020-11-25,2020-11-29,4,2895,18,0.0062176165803108805
2020-11-25,2020-11-30,5,2895,34,0.011744386873920553
2020-11-25,2020-12-01,6,2895,40,0.013816925734024179
2020-11-25,2020-12-02,7,2895,31,0.01070811744386874
2020-11-25,2020-12-03,8,2895,23,0.0079447322970639025
2020-11-25,2020-12-04,9,2895,19,0.0065630397236614854
2020-11-25,2020-12-05,10,2895,10,0.0034542314335060447
2020-11-25,2020-12-06,11,2895,10,0.0034542314335060447
2020-11-25,2020-12-07,12,2895,12,0.0041450777202072537
2020-11-25,2020-12-08,13,2895,12,0.0041450777202072537
2020-11-25,2020-12-09,14,2895,10,0.0034542314335060447
2020-11-25,2020-12-10,15,2895,11,0.0037996545768566492
2020-11-25,2020-12-11,16,2895,12,0.0041450777202072537
2020-11-25,2020-12-12,17,2895,1,0.00034542314335060447
2020-11-25,2020-12-13,18,2895,5,0.0017271157167530224
2020-11-25,2020-12-14,19,2895,7,0.0024179620034542313
2020-11-25,2020-12-15,20,2895,9,0.0031088082901554403
2020-11-25,2020-12-16,21,2895,6,0.0020725388601036268
2020-11-25,2020-12-17,22,2895,6,0.0020725388601036268
2020-11-25,2020-12-18,23,2895,6,0.0020725388601036268
2020-11-25,2020-12-19,24,2895,5,0.0017271157167530224
2020-11-25,2020-12-20,25,2895,2,0.000690846286701209
2020-11-25,2020-12-21,26,2895,3,0.0010362694300518134
2020-11-25,2020-12-22,27,2895,2,0.000690846286701209
2020-11-25,2020-12-23,28,2895,2,0.000690846286701209
2020-11-25,2020-12-24,29,2895,2,0.000690846286701209
2020-11-25,2020-12-25,30,2895,0,0.0
2020-11-26,2020-11-26,0,2878,2878,1.0
2020-11-26,2020-11-27,1,2878,130,0.045170257123002086
2020-11-26,2020-11-28,2,2878,39,0.013551077136900626
2020-11-26,2020-11-29,3,2878,37,0.012856150104239055
2020-11-26,2020-11-30,4,2878,46,0.015983321751216122
2020-11-26,2020-12-01,5,2878,30,0.010423905489923557
2020-11-26,2020-12-02,6,2878,27,0.0093815149409312015
2020-11-26,2020-12-03,7,2878,22,0.0076441973592772756
2020-11-26,2020-12-04,8,2878,12,0.0041695621959694229
2020-11-26,2020-12-05,9,2878,9,0.0031271716469770676
2020-11-26,2020-12-06,10,2878,9,0.0031271716469770676
2020-11-26,2020-12-07,11,2878,13,0.0045170257123002084
2020-11-26,2020-12-08,12,2878,13,0.0045170257123002084
2020-11-26,2020-12-09,13,2878,20,0.0069492703266157054
2020-11-26,2020-12-10,14,2878,9,0.0031271716469770676
2020-11-26,2020-12-11,15,2878,6,0.0020847810979847115
2020-11-26,2020-12-12,16,2878,10,0.0034746351633078527
2020-11-26,2020-12-13,17,2878,4,0.001389854065323141
2020-11-26,2020-12-14,18,2878,4,0.001389854065323141
2020-11-26,2020-12-15,19,2878,7,0.002432244614315497
2020-11-26,2020-12-16,20,2878,6,0.0020847810979847115
2020-11-26,2020-12-17,21,2878,7,0.002432244614315497
2020-11-26,2020-12-18,22,2878,6,0.0020847810979847115
2020-11-26,2020-12-19,23,2878,5,0.0017373175816539264
2020-11-26,2020-12-20,24,2878,1,0.00034746351633078526
2020-11-26,2020-12-21,25,2878,2,0.00069492703266157052
2020-11-26,2020-12-22,26,2878,3,0.0010423905489923557
2020-11-26,2020-12-23,27,2878,1,0.00034746351633078526
2020-11-26,2020-12-24,28,2878,5,0.0017373175816539264
2020-11-26,2020-12-25,29,2878,2,0.00069492703266157052
2020-11-26,2020-12-26,30,2878,0,0.0
2020-11-27,2020-11-27,0,2808,2808,1.0
2020-11-27,2020-11-28,1,2808,108,0.038461538461538464
2020-11-27,2020-11-29,2,2808,35,0.012464387464387465
2020-11-27,2020-11-30,3,2808,59,0.021011396011396011
2020-11-27,2020-12-01,4,2808,24,0.0085470085470085479
2020-11-27,2020-12-02,5,2808,26,0.0092592592592592587
2020-11-27,2020-12-03,6,2808,11,0.0039173789173789176
2020-11-27,2020-12-04,7,2808,14,0.0049857549857549857
2020-11-27,2020-12-05,8,2808,12,0.0042735042735042739
2020-11-27,2020-12-06,9,2808,7,0.0024928774928774928
2020-11-27,2020-12-07,10,2808,16,0.0056980056980056983
2020-11-27,2020-12-08,11,2808,12,0.0042735042735042739
2020-11-27,2020-12-09,12,2808,13,0.0046296296296296294
2020-11-27,2020-12-10,13,2808,12,0.0042735042735042739
2020-11-27,2020-12-11,14,2808,9,0.003205128205128205
2020-11-27,2020-12-12,15,2808,6,0.002136752136752137
2020-11-27,2020-12-13,16,2808,3,0.0010683760683760685
2020-11-27,2020-12-14,17,2808,7,0.0024928774928774928
2020-11-27,2020-12-15,18,2808,13,0.0046296296296296294
2020-11-27,2020-12-16,19,2808,8,0.0028490028490028491
2020-11-27,2020-12-17,20,2808,5,0.0017806267806267807
2020-11-27,2020-12-18,21,2808,8,0.0028490028490028491
2020-11-27,2020-12-19,22,2808,6,0.002136752136752137
2020-11-27,2020-12-20,23,2808,1,0.00035612535612535614
2020-11-27,2020-12-21,24,2808,3,0.0010683760683760685
2020-11-27,2020-12-22,25,2808,5,0.0017806267806267807
2020-11-27,2020-12-23,26,2808,4,0.0014245014245014246
2020-11-27,2020-12-24,27,2808,3,0.0010683760683760685
2020-11-27,2020-12-25,28,2808,2,0.00071225071225071229
2020-11-27,2020-12-26,29,2808,4,0.0014245014245014246
2020-11-27,2020-12-27,30,2808,1,0.00035612535612535614
2020-11-28,2020-11-28,0,2452,2452,1.0
2020-11-28,2020-11-29,1,2452,104,0.042414355628058731
2020-11-28,2020-11-30,2,2452,45,0.018352365415986949
2020-11-28,2020-12-01,3,2452,27,0.01101141924959217
2020-11-28,2020-12-02,4,2452,22,0.00897226753670473
2020-11-28,2020-12-03,5,2452,18,0.00734094616639478
2020-11-28,2020-12-04,6,2452,12,0.0048939641109298528
2020-11-28,2020-12-05,7,2452,17,0.0069331158238172923
2020-11-28,2020-12-06,8,2452,6,0.0024469820554649264
2020-11-28,2020-12-07,9,2452,3,0.0012234910277324632
2020-11-28,2020-12-08,10,2452,10,0.0040783034257748773
2020-11-28,2020-12-09,11,2452,9,0.00367047308319739
2020-11-28,2020-12-10,12,2452,9,0.00367047308319739
2020-11-28,2020-12-11,13,2452,14,0.0057096247960848291
2020-11-28,2020-12-12,14,2452,3,0.0012234910277324632
2020-11-28,2020-12-13,15,2452,6,0.0024469820554649264
2020-11-28,2020-12-14,16,2452,6,0.0024469820554649264
2020-11-28,2020-12-15,17,2452,8,0.0032626427406199023
2020-11-28,2020-12-16,18,2452,8,0.0032626427406199023
2020-11-28,2020-12-17,19,2452,5,0.0020391517128874386
2020-11-28,2020-12-18,20,2452,6,0.0024469820554649264
2020-11-28,2020-12-19,21,2452,4,0.0016313213703099511
2020-11-28,2020-12-20,22,2452,3,0.0012234910277324632
2020-11-28,2020-12-21,23,2452,3,0.0012234910277324632
2020-11-28,2020-12-22,24,2452,1,0.00040783034257748778
2020-11-28,2020-12-23,25,2452,4,0.0016313213703099511
2020-11-28,2020-12-24,26,2452,3,0.0012234910277324632
2020-11-28,2020-12-25,27,2452,3,0.0012234910277324632
2020-11-28,2020-12-26,28,2452,1,0.00040783034257748778
2020-11-28,2020-12-27,29,2452,5,0.0020391517128874386
2020-11-28,2020-12-28,30,2452,2,0.00081566068515497557
2020-11-29,2020-11-29,0,2320,2320,1.0
2020-11-29,2020-11-30,1,2320,107,0.046120689655172416
2020-11-29,2020-12-01,2,2320,31,0.013362068965517242
2020-11-29,2020-12-02,3,2320,21,0.0090517241379310352
2020-11-29,2020-12-03,4,2320,16,0.0068965517241379309
2020-11-29,2020-12-04,5,2320,15,0.00646551724137931
2020-11-29,2020-12-05,6,2320,13,0.0056034482758620689
2020-11-29,2020-12-06,7,2320,10,0.0043103448275862068
2020-11-29,2020-12-07,8,2320,10,0.0043103448275862068
2020-11-29,2020-12-08,9,2320,10,0.0043103448275862068
2020-11-29,2020-12-09,10,2320,4,0.0017241379310344827
2020-11-29,2020-12-10,11,2320,4,0.0017241379310344827
2020-11-29,2020-12-11,12,2320,7,0.0030172413793103448
2020-11-29,2020-12-12,13,2320,10,0.0043103448275862068
2020-11-29,2020-12-13,14,2320,7,0.0030172413793103448
2020-11-29,2020-12-14,15,2320,1,0.00043103448275862068
2020-11-29,2020-12-15,16,2320,4,0.0017241379310344827
2020-11-29,2020-12-16,17,2320,4,0.0017241379310344827
2020-11-29,2020-12-17,18,2320,7,0.0030172413793103448
2020-11-29,2020-12-18,19,2320,3,0.0012931034482758621
2020-11-29,2020-12-19,20,2320,2,0.00086206896551724137
2020-11-29,2020-12-20,21,2320,0,0.0
2020-11-29,2020-12-21,22,2320,4,0.0017241379310344827
2020-11-29,2020-12-22,23,2320,3,0.0012931034482758621
2020-11-29,2020-12-23,24,2320,3,0.0012931034482758621
2020-11-29,2020-12-24,25,2320,2,0.00086206896551724137
2020-11-29,2020-12-25,26,2320,0,0.0
2020-11-29,2020-12-26,27,2320,3,0.0012931034482758621
2020-11-29,2020-12-27,28,2320,1,0.00043103448275862068
2020-11-29,2020-12-28,29,2320,3,0.0012931034482758621
2020-11-29,2020-12-29,30,2320,5,0.0021551724137931034
2020-11-30,2020-11-30,0,3058,3058,1.0
2020-11-30,2020-12-01,1,3058,175,0.057226945716154352
2020-11-30,2020-12-02,2,3058,67,0.021909744931327666
2020-11-30,2020-12-03,3,3058,44,0.014388489208633094
2020-11-30,2020-12-04,4,3058,31,0.010137344669718771
2020-11-30,2020-12-05,5,3058,21,0.0068672334859385216
2020-11-30,2020-12-06,6,3058,21,0.0068672334859385216
2020-11-30,2020-12-07,7,3058,31,0.010137344669718771
2020-11-30,2020-12-08,8,3058,21,0.0068672334859385216
2020-11-30,2020-12-09,9,3058,19,0.0062132112491824721
2020-11-30,2020-12-10,10,3058,16,0.005232177894048398
2020-11-30,2020-12-11,11,3058,16,0.005232177894048398
2020-11-30,2020-12-12,12,3058,8,0.002616088947024199
2020-11-30,2020-12-13,13,3058,6,0.0019620667102681491
2020-11-30,2020-12-14,14,3058,23,0.0075212557226945718
2020-11-30,2020-12-15,15,3058,22,0.0071942446043165471
2020-11-30,2020-12-16,16,3058,16,0.005232177894048398
2020-11-30,2020-12-17,17,3058,7,0.0022890778286461739
2020-11-30,2020-12-18,18,3058,4,0.0013080444735120995
2020-11-30,2020-12-19,19,3058,5,0.0016350555918901242
2020-11-30,2020-12-20,20,3058,0,0.0
2020-11-30,2020-12-21,21,3058,5,0.0016350555918901242
2020-11-30,2020-12-22,22,3058,8,0.002616088947024199
2020-11-30,2020-12-23,23,3058,4,0.0013080444735120995
2020-11-30,2020-12-24,24,3058,1,0.00032701111837802487
2020-11-30,2020-12-25,25,3058,0,0.0
2020-11-30,2020-12-26,26,3058,2,0.00065402223675604975
2020-11-30,2020-12-27,27,3058,3,0.00098103335513407457
2020-11-30,2020-12-28,28,3058,8,0.002616088947024199
2020-11-30,2020-12-29,29,3058,3,0.00098103335513407457
2020-11-30,2020-12-30,30,3058,4,0.0013080444735120995
2020-12-01,2020-12-01,0,3302,3302,1.0
2020-12-01,2020-12-02,1,3302,187,0.056632344033918834
2020-12-01,2020-12-03,2,3302,77,0.023319200484554815
2020-12-01,2020-12-04,3,3302,48,0.014536644457904301
2020-12-01,2020-12-05,4,3302,20,0.0060569351907934586
2020-12-01,2020-12-06,5,3302,19,0.0057540884312537854
2020-12-01,2020-12-07,6,3302,34,0.01029678982434888
2020-12-01,2020-12-08,7,3302,31,0.00938824954572986
2020-12-01,2020-12-09,8,3302,32,0.0096910963052695333
2020-12-01,2020-12-10,9,3302,25,0.0075711689884918228
2020-12-01,2020-12-11,10,3302,15,0.0045427013930950935
2020-12-01,2020-12-12,11,3302,7,0.0021199273167777106
2020-12-01,2020-12-13,12,3302,7,0.0021199273167777106
2020-12-01,2020-12-14,13,3302,18,0.0054512416717141131
2020-12-01,2020-12-15,14,3302,22,0.0066626287098728041
2020-12-01,2020-12-16,15,3302,15,0.0045427013930950935
2020-12-01,2020-12-17,16,3302,16,0.0048455481526347667
2020-12-01,2020-12-18,17,3302,13,0.003937007874015748
2020-12-01,2020-12-19,18,3302,3,0.00090854027861901881
2020-12-01,2020-12-20,19,3302,3,0.00090854027861901881
2020-12-01,2020-12-21,20,3302,7,0.0021199273167777106
2020-12-01,2020-12-22,21,3302,7,0.0021199273167777106
2020-12-01,2020-12-23,22,3302,8,0.0024227740763173833
2020-12-01,2020-12-24,23,3302,6,0.0018170805572380376
2020-12-01,2020-12-25,24,3302,2,0.00060569351907934583
2020-12-01,2020-12-26,25,3302,4,0.0012113870381586917
2020-12-01,2020-12-27,26,3302,2,0.00060569351907934583
2020-12-01,2020-12-28,27,3302,1,0.00030284675953967292
2020-12-01,2020-12-29,28,3302,3,0.00090854027861901881
2020-12-01,2020-12-30,29,3302,5,0.0015142337976983646
2020-12-01,2020-12-31,30,3302,0,0.0
2020-12-02,2020-12-02,0,3184,3184,1.0
2020-12-02,2020-12-03,1,3184,218,0.06846733668341709
2020-12-02,2020-12-04,2,3184,76,0.023869346733668341
2020-12-02,2020-12-05,3,3184,34,0.010678391959798994
2020-12-02,2020-12-06,4,3184,27,0.0084798994974874375
2020-12-02,2020-12-07,5,3184,45,0.014133165829145729
2020-12-02,2020-12-08,6,3184,43,0.01350502512562814
2020-12-02,2020-12-09,7,3184,35,0.01099246231155779
2020-12-02,2020-12-10,8,3184,24,0.007537688442211055
2020-12-02,2020-12-11,9,3184,28,0.0087939698492462311
2020-12-02,2020-12-12,10,3184,14,0.0043969849246231155
2020-12-02,2020-12-13,11,3184,10,0.00314070351758794
2020-12-02,2020-12-14,12,3184,23,0.0072236180904522614
2020-12-02,2020-12-15,13,3184,10,0.00314070351758794
2020-12-02,2020-12-16,14,3184,19,0.0059673366834170852
2020-12-02,2020-12-17,15,3184,16,0.0050251256281407036
2020-12-02,2020-12-18,16,3184,9,0.0028266331658291458
2020-12-02,2020-12-19,17,3184,3,0.00094221105527638187
2020-12-02,2020-12-20,18,3184,3,0.00094221105527638187
2020-12-02,2020-12-21,19,3184,9,0.0028266331658291458
2020-12-02,2020-12-22,20,3184,10,0.00314070351758794
2020-12-02,2020-12-23,21,3184,2,0.000628140703517588
2020-12-02,2020-12-24,22,3184,3,0.00094221105527638187
2020-12-02,2020-12-25,23,3184,2,0.000628140703517588
2020-12-02,2020-12-26,24,3184,1,0.000314070351758794
2020-12-02,2020-12-27,25,3184,5,0.00157035175879397
2020-12-02,2020-12-28,26,3184,2,0.000628140703517588
2020-12-02,2020-12-29,27,3184,3,0.00094221105527638187
2020-12-02,2020-12-30,28,3184,2,0.000628140703517588
2020-12-02,2020-12-31,29,3184,5,0.00157035175879397
2020-12-02,2021-01-01,30,3184,2,0.000628140703517588
2020-12-03,2020-12-03,0,3512,3512,1.0
2020-12-03,2020-12-04,1,3512,167,0.047551252847380411
2020-12-03,2020-12-05,2,3512,56,0.015945330296127564
2020-12-03,2020-12-06,3,3512,40,0.011389521640091117
2020-12-03,2020-12-07,4,3512,53,0.015091116173120729
2020-12-03,2020-12-08,5,3512,61,0.017369020501138952
2020-12-03,2020-12-09,6,3512,44,0.012528473804100227
2020-12-03,2020-12-10,7,3512,25,0.0071184510250569474
2020-12-03,2020-12-11,8,3512,23,0.0065489749430523922
2020-12-03,2020-12-12,9,3512,11,0.0031321184510250569
2020-12-03,2020-12-13,10,3512,10,0.0028473804100227792
2020-12-03,2020-12-14,11,3512,11,0.0031321184510250569
2020-12-03,2020-12-15,12,3512,24,0.00683371298405467
2020-12-03,2020-12-16,13,3512,17,0.0048405466970387247
2020-12-03,2020-12-17,14,3512,19,0.00541002277904328
2020-12-03,2020-12-18,15,3512,8,0.0022779043280182231
2020-12-03,2020-12-19,16,3512,10,0.0028473804100227792
2020-12-03,2020-12-20,17,3512,3,0.00085421412300683373
2020-12-03,2020-12-21,18,3512,5,0.0014236902050113896
2020-12-03,2020-12-22,19,3512,6,0.0017084282460136675
2020-12-03,2020-12-23,20,3512,9,0.0025626423690205012
2020-12-03,2020-12-24,21,3512,3,0.00085421412300683373
2020-12-03,2020-12-25,22,3512,3,0.00085421412300683373
2020-12-03,2020-12-26,23,3512,1,0.00028473804100227789
2020-12-03,2020-12-27,24,3512,4,0.0011389521640091116
2020-12-03,2020-12-28,25,3512,8,0.0022779043280182231
2020-12-03,2020-12-29,26,3512,5,0.0014236902050113896
2020-12-03,2020-12-30,27,3512,7,0.0019931662870159455
2020-12-03,2020-12-31,28,3512,1,0.00028473804100227789
2020-12-03,2021-01-01,29,3512,1,0.00028473804100227789
2020-12-03,2021-01-02,30,3512,2,0.00056947608200455578
2020-12-04,2020-12-04,0,3247,3247,1.0
2020-12-04,2020-12-05,1,3247,122,0.037573144441022485
2020-12-04,2020-12-06,2,3247,52,0.016014782876501387
2020-12-04,2020-12-07,3,3247,92,0.028333846627656298
2020-12-04,2020-12-08,4,3247,70,0.021558361564521098
2020-12-04,2020-12-09,5,3247,44,0.013550970126270403
2020-12-04,2020-12-10,6,3247,32,0.00985525100092393
2020-12-04,2020-12-11,7,3247,36,0.01108715737603942
2020-12-04,2020-12-12,8,3247,12,0.0036957191253464737
2020-12-04,2020-12-13,9,3247,7,0.0021558361564521095
2020-12-04,2020-12-14,10,3247,14,0.0043116723129042189
2020-12-04,2020-12-15,11,3247,19,0.0058515552817985832
2020-12-04,2020-12-16,12,3247,21,0.0064675084693563293
2020-12-04,2020-12-17,13,3247,14,0.0043116723129042189
2020-12-04,2020-12-18,14,3247,13,0.0040036957191253468
2020-12-04,2020-12-19,15,3247,6,0.0018478595626732369
2020-12-04,2020-12-20,16,3247,3,0.00092392978133661843
2020-12-04,2020-12-21,17,3247,7,0.0021558361564521095
2020-12-04,2020-12-22,18,3247,9,0.0027717893440098551
2020-12-04,2020-12-23,19,3247,7,0.0021558361564521095
2020-12-04,2020-12-24,20,3247,6,0.0018478595626732369
2020-12-04,2020-12-25,21,3247,1,0.00030797659377887281
2020-12-04,2020-12-26,22,3247,1,0.00030797659377887281
2020-12-04,2020-12-27,23,3247,3,0.00092392978133661843
2020-12-04,2020-12-28,24,3247,3,0.00092392978133661843
2020-12-04,2020-12-29,25,3247,10,0.0030797659377887281
2020-12-04,2020-12-30,26,3247,4,0.0012319063751154912
2020-12-04,2020-12-31,27,3247,5,0.0015398829688943641
2020-12-04,2021-01-01,28,3247,2,0.00061595318755774562
2020-12-04,2021-01-02,29,3247,2,0.00061595318755774562
2020-12-04,2021-01-03,30,3247,2,0.00061595318755774562
2020-12-05,2020-12-05,0,2489,2489,1.0
2020-12-05,2020-12-06,1,2489,123,0.049417436721574927
2020-12-05,2020-12-07,2,2489,56,0.022498995580554439
2020-12-05,2020-12-08,3,2489,48,0.019284853354760947
2020-12-05,2020-12-09,4,2489,26,0.010445962233828847
2020-12-05,2020-12-10,5,2489,20,0.0080353555644837281
2020-12-05,2020-12-11,6,2489,14,0.00562474889513861
2020-12-05,2020-12-12,7,2489,15,0.0060265166733627961
2020-12-05,2020-12-13,8,2489,9,0.0036159100040176776
2020-12-05,2020-12-14,9,2489,15,0.0060265166733627961
2020-12-05,2020-12-15,10,2489,2,0.00080353555644837281
2020-12-05,2020-12-16,11,2489,11,0.0044194455604660505
2020-12-05,2020-12-17,12,2489,11,0.0044194455604660505
2020-12-05,2020-12-18,13,2489,7,0.0028123744475693048
2020-12-05,2020-12-19,14,2489,7,0.0028123744475693048
2020-12-05,2020-12-20,15,2489,5,0.002008838891120932
2020-12-05,2020-12-21,16,2489,7,0.0028123744475693048
2020-12-05,2020-12-22,17,2489,5,0.002008838891120932
2020-12-05,2020-12-23,18,2489,2,0.00080353555644837281
2020-12-05,2020-12-24,19,2489,3,0.0012053033346725592
2020-12-05,2020-12-25,20,2489,1,0.0004017677782241864
2020-12-05,2020-12-26,21,2489,2,0.00080353555644837281
2020-12-05,2020-12-27,22,2489,3,0.0012053033346725592
2020-12-05,2020-12-28,23,2489,3,0.0012053033346725592
2020-12-05,2020-12-29,24,2489,5,0.002008838891120932
2020-12-05,2020-12-30,25,2489,1,0.0004017677782241864
2020-12-05,2020-12-31,26,2489,0,0.0
2020-12-05,2021-01-01,27,2489,3,0.0012053033346725592
2020-12-05,2021-01-02,28,2489,0,0.0
2020-12-05,2021-01-03,29,2489,4,0.0016070711128967456
2020-12-05,2021-01-04,30,2489,1,0.0004017677782241864
2020-12-06,2020-12-06,0,2403,2403,1.0
2020-12-06,2020-12-07,1,2403,120,0.049937578027465665
2020-12-06,2020-12-08,2,2403,35,0.014565126924677487
2020-12-06,2020-12-09,3,2403,20,0.0083229296712442787
2020-12-06,2020-12-10,4,2403,17,0.0070744902205576365
2020-12-06,2020-12-11,5,2403,11,0.0045776113191843531
2020-12-06,2020-12-12,6,2403,9,0.0037453183520599251
2020-12-06,2020-12-13,7,2403,15,0.0062421972534332081
2020-12-06,2020-12-14,8,2403,11,0.0045776113191843531
2020-12-06,2020-12-15,9,2403,6,0.0024968789013732834
2020-12-06,2020-12-16,10,2403,3,0.0012484394506866417
2020-12-06,2020-12-17,11,2403,5,0.0020807324178110697
2020-12-06,2020-12-18,12,2403,3,0.0012484394506866417
2020-12-06,2020-12-19,13,2403,6,0.0024968789013732834
2020-12-06,2020-12-20,14,2403,8,0.0033291718684977114
2020-12-06,2020-12-21,15,2403,8,0.0033291718684977114
2020-12-06,2020-12-22,16,2403,5,0.0020807324178110697
2020-12-06,2020-12-23,17,2403,3,0.0012484394506866417
2020-12-06,2020-12-24,18,2403,2,0.00083229296712442784
2020-12-06,2020-12-25,19,2403,3,0.0012484394506866417
2020-12-06,2020-12-26,20,2403,3,0.0012484394506866417
2020-12-06,2020-12-27,21,2403,4,0.0016645859342488557
2020-12-06,2020-12-28,22,2403,1,0.00041614648356221392
2020-12-06,2020-12-29,23,2403,0,0.0
2020-12-06,2020-12-30,24,2403,2,0.00083229296712442784
2020-12-06,2020-12-31,25,2403,3,0.0012484394506866417
2020-12-06,2021-01-01,26,2403,3,0.0012484394506866417
2020-12-06,2021-01-02,27,2403,0,0.0
2020-12-06,2021-01-03,28,2403,3,0.0012484394506866417
2020-12-06,2021-01-04,29,2403,6,0.0024968789013732834
2020-12-06,2021-01-05,30,2403,3,0.0012484394506866417
2020-12-07,2020-12-07,0,3740,3740,1.0
2020-12-07,2020-12-08,1,3740,235,0.062834224598930483
2020-12-07,2020-12-09,2,3740,79,0.021122994652406416
2020-12-07,2020-12-10,3,3740,51,0.013636363636363636
2020-12-07,2020-12-11,4,3740,37,0.0098930481283422463
2020-12-07,2020-12-12,5,3740,14,0.0037433155080213902
2020-12-07,2020-12-13,6,3740,19,0.0050802139037433155
2020-12-07,2020-12-14,7,3740,22,0.0058823529411764705
2020-12-07,2020-12-15,8,3740,16,0.0042780748663101605
2020-12-07,2020-12-16,9,3740,10,0.00267379679144385
2020-12-07,2020-12-17,10,3740,14,0.0037433155080213902
2020-12-07,2020-12-18,11,3740,6,0.0016042780748663102
2020-12-07,2020-12-19,12,3740,5,0.0013368983957219251
2020-12-07,2020-12-20,13,3740,1,0.00026737967914438503
2020-12-07,2020-12-21,14,3740,11,0.0029411764705882353
2020-12-07,2020-12-22,15,3740,5,0.0013368983957219251
2020-12-07,2020-12-23,16,3740,7,0.0018716577540106951
2020-12-07,2020-12-24,17,3740,2,0.00053475935828877007
2020-12-07,2020-12-25,18,3740,1,0.00026737967914438503
2020-12-07,2020-12-26,19,3740,1,0.00026737967914438503
2020-12-07,2020-12-27,20,3740,0,0.0
2020-12-07,2020-12-28,21,3740,3,0.0008021390374331551
2020-12-07,2020-12-29,22,3740,3,0.0008021390374331551
2020-12-07,2020-12-30,23,3740,0,0.0
2020-12-07,2020-12-31,24,3740,3,0.0008021390374331551
2020-12-07,2021-01-01,25,3740,2,0.00053475935828877007
2020-12-07,2021-01-02,26,3740,2,0.00053475935828877007
2020-12-07,2021-01-03,27,3740,6,0.0016042780748663102
2020-12-07,2021-01-04,28,3740,7,0.0018716577540106951
2020-12-07,2021-01-05,29,3740,10,0.00267379679144385
2020-12-07,2021-01-06,30,3740,12,0.0032085561497326204
2020-12-08,2020-12-08,0,5481,5481,1.0
2020-12-08,2020-12-09,1,5481,215,0.039226418536763362
2020-12-08,2020-12-10,2,5481,104,0.018974639664294836
2020-12-08,2020-12-11,3,5481,56,0.010217113665389528
2020-12-08,2020-12-12,4,5481,25,0.0045612114577631823
2020-12-08,2020-12-13,5,5481,18,0.0032840722495894909
2020-12-08,2020-12-14,6,5481,34,0.0062032475825579275
2020-12-08,2020-12-15,7,5481,37,0.0067505929574895093
2020-12-08,2020-12-16,8,5481,25,0.0045612114577631823
2020-12-08,2020-12-17,9,5481,20,0.0036489691662105455
2020-12-08,2020-12-18,10,5481,7,0.001277139208173691
2020-12-08,2020-12-19,11,5481,2,0.00036489691662105453
2020-12-08,2020-12-20,12,5481,5,0.00091224229155263637
2020-12-08,2020-12-21,13,5481,15,0.0027367268746579091
2020-12-08,2020-12-22,14,5481,10,0.0018244845831052727
2020-12-08,2020-12-23,15,5481,3,0.00054734537493158185
2020-12-08,2020-12-24,16,5481,6,0.0010946907498631637
2020-12-08,2020-12-25,17,5481,3,0.00054734537493158185
2020-12-08,2020-12-26,18,5481,4,0.00072979383324210906
2020-12-08,2020-12-27,19,5481,2,0.00036489691662105453
2020-12-08,2020-12-28,20,5481,9,0.0016420361247947454
2020-12-08,2020-12-29,21,5481,5,0.00091224229155263637
2020-12-08,2020-12-30,22,5481,6,0.0010946907498631637
2020-12-08,2020-12-31,23,5481,2,0.00036489691662105453
2020-12-08,2021-01-01,24,5481,2,0.00036489691662105453
2020-12-08,2021-01-02,25,5481,3,0.00054734537493158185
2020-12-08,2021-01-03,26,5481,3,0.00054734537493158185
2020-12-08,2021-01-04,27,5481,8,0.0014595876664842181
2020-12-08,2021-01-05,28,5481,12,0.0021893814997263274
2020-12-08,2021-01-06,29,5481,39,0.0071154898741105635
2020-12-08,2021-01-07,30,5481,10,0.0018244845831052727
2020-12-09,2020-12-09,0,4408,4408,1.0
2020-12-09,2020-12-10,1,4408,203,0.046052631578947366
2020-12-09,2020-12-11,2,4408,83,0.018829401088929221
2020-12-09,2020-12-12,3,4408,34,0.0077132486388384758
2020-12-09,2020-12-13,4,4408,25,0.0056715063520871144
2020-12-09,2020-12-14,5,4408,41,0.0093012704174228675
2020-12-09,2020-12-15,6,4408,38,0.0086206896551724137
2020-12-09,2020-12-16,7,4408,34,0.0077132486388384758
2020-12-09,2020-12-17,8,4408,20,0.0045372050816696917
2020-12-09,2020-12-18,9,4408,18,0.0040834845735027219
2020-12-09,2020-12-19,10,4408,3,0.00068058076225045369
2020-12-09,2020-12-20,11,4408,7,0.0015880217785843921
2020-12-09,2020-12-21,12,4408,14,0.0031760435571687841
2020-12-09,2020-12-22,13,4408,15,0.0034029038112522686
2020-12-09,2020-12-23,14,4408,6,0.0013611615245009074
2020-12-09,2020-12-24,15,4408,5,0.0011343012704174229
2020-12-09,2020-12-25,16,4408,0,0.0
2020-12-09,2020-12-26,17,4408,1,0.00022686025408348456
2020-12-09,2020-12-27,18,4408,1,0.00022686025408348456
2020-12-09,2020-12-28,19,4408,5,0.0011343012704174229
2020-12-09,2020-12-29,20,4408,6,0.0013611615245009074
2020-12-09,2020-12-30,21,4408,7,0.0015880217785843921
2020-12-09,2020-12-31,22,4408,9,0.002041742286751361
2020-12-09,2021-01-01,23,4408,3,0.00068058076225045369
2020-12-09,2021-01-02,24,4408,4,0.00090744101633393826
2020-12-09,2021-01-03,25,4408,2,0.00045372050816696913
2020-12-09,2021-01-04,26,4408,9,0.002041742286751361
2020-12-09,2021-01-05,27,4408,8,0.0018148820326678765
2020-12-09,2021-01-06,28,4408,18,0.0040834845735027219
2020-12-09,2021-01-07,29,4408,7,0.0015880217785843921
2020-12-09,2021-01-08,30,4408,7,0.0015880217785843921
2020-12-10,2020-12-10,0,4051,4051,1.0
2020-12-10,2020-12-11,1,4051,192,0.047395704764255739
2020-12-10,2020-12-12,2,4051,48,0.011848926191063935
2020-12-10,2020-12-13,3,4051,29,0.00715872624043446
2020-12-10,2020-12-14,4,4051,48,0.011848926191063935
2020-12-10,2020-12-15,5,4051,39,0.0096272525302394472
2020-12-10,2020-12-16,6,4051,36,0.0088866946432979519
2020-12-10,2020-12-17,7,4051,27,0.0066650209824734635
2020-12-10,2020-12-18,8,4051,13,0.0032090841767464825
2020-12-10,2020-12-19,9,4051,9,0.002221673660824488
2020-12-10,2020-12-20,10,4051,10,0.0024685262898049864
2020-12-10,2020-12-21,11,4051,7,0.0017279684028634905
2020-12-10,2020-12-22,12,4051,18,0.004443347321648976
2020-12-10,2020-12-23,13,4051,7,0.0017279684028634905
2020-12-10,2020-12-24,14,4051,4,0.00098741051592199456
2020-12-10,2020-12-25,15,4051,3,0.00074055788694149592
2020-12-10,2020-12-26,16,4051,3,0.00074055788694149592
2020-12-10,2020-12-27,17,4051,4,0.00098741051592199456
2020-12-10,2020-12-28,18,4051,10,0.0024685262898049864
2020-12-10,2020-12-29,19,4051,9,0.002221673660824488
2020-12-10,2020-12-30,20,4051,7,0.0017279684028634905
2020-12-10,2020-12-31,21,4051,3,0.00074055788694149592
2020-12-10,2021-01-01,22,4051,5,0.0012342631449024932
2020-12-10,2021-01-02,23,4051,4,0.00098741051592199456
2020-12-10,2021-01-03,24,4051,3,0.00074055788694149592
2020-12-10,2021-01-04,25,4051,4,0.00098741051592199456
2020-12-10,2021-01-05,26,4051,6,0.0014811157738829918
2020-12-10,2021-01-06,27,4051,9,0.002221673660824488
2020-12-10,2021-01-07,28,4051,8,0.0019748210318439891
2020-12-10,2021-01-08,29,4051,6,0.0014811157738829918
2020-12-10,2021-01-09,30,4051,5,0.0012342631449024932
2020-12-11,2020-12-11,0,3885,3885,1.0
2020-12-11,2020-12-12,1,3885,127,0.032689832689832693
2020-12-11,2020-12-13,2,3885,53,0.013642213642213642
2020-12-11,2020-12-14,3,3885,69,0.017760617760617759
2020-12-11,2020-12-15,4,3885,44,0.011325611325611325
2020-12-11,2020-12-16,5,3885,37,0.0095238095238095247
2020-12-11,2020-12-17,6,3885,25,0.0064350064350064346
2020-12-11,2020-12-18,7,3885,30,0.0077220077220077222
2020-12-11,2020-12-19,8,3885,6,0.0015444015444015444
2020-12-11,2020-12-20,9,3885,7,0.0018018018018018018
2020-12-11,2020-12-21,10,3885,17,0.004375804375804376
2020-12-11,2020-12-22,11,3885,9,0.0023166023166023165
2020-12-11,2020-12-23,12,3885,11,0.0028314028314028314
2020-12-11,2020-12-24,13,3885,8,0.002059202059202059
2020-12-11,2020-12-25,14,3885,4,0.0010296010296010295
2020-12-11,2020-12-26,15,3885,1,0.00025740025740025738
2020-12-11,2020-12-27,16,3885,3,0.0007722007722007722
2020-12-11,2020-12-28,17,3885,6,0.0015444015444015444
2020-12-11,2020-12-29,18,3885,4,0.0010296010296010295
2020-12-11,2020-12-30,19,3885,5,0.001287001287001287
2020-12-11,2020-12-31,20,3885,2,0.00051480051480051476
2020-12-11,2021-01-01,21,3885,0,0.0
2020-12-11,2021-01-02,22,3885,2,0.00051480051480051476
2020-12-11,2021-01-03,23,3885,3,0.0007722007722007722
2020-12-11,2021-01-04,24,3885,5,0.001287001287001287
2020-12-11,2021-01-05,25,3885,7,0.0018018018018018018
2020-12-11,2021-01-06,26,3885,7,0.0018018018018018018
2020-12-11,2021-01-07,27,3885,4,0.0010296010296010295
2020-12-11,2021-01-08,28,3885,5,0.001287001287001287
2020-12-11,2021-01-09,29,3885,4,0.0010296010296010295
2020-12-11,2021-01-10,30,3885,3,0.0007722007722007722
2020-12-12,2020-12-12,0,3126,3126,1.0
2020-12-12,2020-12-13,1,3126,89,0.028470889315419065
2020-12-12,2020-12-14,2,3126,48,0.015355086372360844
2020-12-12,2020-12-15,3,3126,37,0.011836212412028152
2020-12-12,2020-12-16,4,3126,23,0.0073576455534229051
2020-12-12,2020-12-17,5,3126,20,0.0063979526551503517
2020-12-12,2020-12-18,6,3126,11,0.0035188739603326936
2020-12-12,2020-12-19,7,3126,17,0.0054382597568777991
2020-12-12,2020-12-20,8,3126,8,0.0025591810620601407
2020-12-12,2020-12-21,9,3126,6,0.0019193857965451055
2020-12-12,2020-12-22,10,3126,4,0.0012795905310300703
2020-12-12,2020-12-23,11,3126,6,0.0019193857965451055
2020-12-12,2020-12-24,12,3126,5,0.0015994881637875879
2020-12-12,2020-12-25,13,3126,4,0.0012795905310300703
2020-12-12,2020-12-26,14,3126,3,0.00095969289827255275
2020-12-12,2020-12-27,15,3126,4,0.0012795905310300703
2020-12-12,2020-12-28,16,3126,11,0.0035188739603326936
2020-12-12,2020-12-29,17,3126,3,0.00095969289827255275
2020-12-12,2020-12-30,18,3126,3,0.00095969289827255275
2020-12-12,2020-12-31,19,3126,6,0.0019193857965451055
2020-12-12,2021-01-01,20,3126,4,0.0012795905310300703
2020-12-12,2021-01-02,21,3126,1,0.00031989763275751758
2020-12-12,2021-01-03,22,3126,3,0.00095969289827255275
2020-12-12,2021-01-04,23,3126,6,0.0019193857965451055
2020-12-12,2021-01-05,24,3126,6,0.0019193857965451055
2020-12-12,2021-01-06,25,3126,7,0.0022392834293026233
2020-12-12,2021-01-07,26,3126,4,0.0012795905310300703
2020-12-12,2021-01-08,27,3126,1,0.00031989763275751758
2020-12-12,2021-01-09,28,3126,6,0.0019193857965451055
2020-12-12,2021-01-10,29,3126,3,0.00095969289827255275
2020-12-12,2021-01-11,30,3126,2,0.00063979526551503517
2020-12-13,2020-12-13,0,2867,2867,1.0
2020-12-13,2020-12-14,1,2867,76,0.026508545517963028
2020-12-13,2020-12-15,2,2867,34,0.011859086152772933
2020-12-13,2020-12-16,3,2867,19,0.006627136379490757
2020-12-13,2020-12-17,4,2867,16,0.0055807464248343215
2020-12-13,2020-12-18,5,2867,12,0.0041855598186257411
2020-12-13,2020-12-19,6,2867,9,0.0031391698639693061
2020-12-13,2020-12-20,7,2867,6,0.0020927799093128706
2020-12-13,2020-12-21,8,2867,3,0.0010463899546564353
2020-12-13,2020-12-22,9,2867,3,0.0010463899546564353
2020-12-13,2020-12-23,10,2867,5,0.0017439832577607255
2020-12-13,2020-12-24,11,2867,2,0.00069759330310429019
2020-12-13,2020-12-25,12,2867,3,0.0010463899546564353
2020-12-13,2020-12-26,13,2867,3,0.0010463899546564353
2020-12-13,2020-12-27,14,2867,3,0.0010463899546564353
2020-12-13,2020-12-28,15,2867,5,0.0017439832577607255
2020-12-13,2020-12-29,16,2867,2,0.00069759330310429019
2020-12-13,2020-12-30,17,2867,3,0.0010463899546564353
2020-12-13,2020-12-31,18,2867,3,0.0010463899546564353
2020-12-13,2021-01-01,19,2867,2,0.00069759330310429019
2020-12-13,2021-01-02,20,2867,1,0.00034879665155214509
2020-12-13,2021-01-03,21,2867,1,0.00034879665155214509
2020-12-13,2021-01-04,22,2867,2,0.00069759330310429019
2020-12-13,2021-01-05,23,2867,1,0.00034879665155214509
2020-12-13,2021-01-06,24,2867,2,0.00069759330310429019
2020-12-13,2021-01-07,25,2867,2,0.00069759330310429019
2020-12-13,2021-01-08,26,2867,2,0.00069759330310429019
2020-12-13,2021-01-09,27,2867,1,0.00034879665155214509
2020-12-13,2021-01-10,28,2867,0,0.0
2020-12-13,2021-01-11,29,2867,3,0.0010463899546564353
2020-12-13,2021-01-12,30,2867,3,0.0010463899546564353
2020-12-14,2020-12-14,0,3690,3690,1.0
2020-12-14,2020-12-15,1,3690,183,0.049593495934959347
2020-12-14,2020-12-16,2,3690,71,0.019241192411924121
2020-12-14,2020-12-17,3,3690,32,0.0086720867208672087
2020-12-14,2020-12-18,4,3690,20,0.0054200542005420054
2020-12-14,2020-12-19,5,3690,12,0.0032520325203252032
2020-12-14,2020-12-20,6,3690,9,0.0024390243902439024
2020-12-14,2020-12-21,7,3690,21,0.0056910569105691061
2020-12-14,2020-12-22,8,3690,21,0.0056910569105691061
2020-12-14,2020-12-23,9,3690,14,0.0037940379403794038
2020-12-14,2020-12-24,10,3690,5,0.0013550135501355014
2020-12-14,2020-12-25,11,3690,5,0.0013550135501355014
2020-12-14,2020-12-26,12,3690,3,0.00081300813008130081
2020-12-14,2020-12-27,13,3690,2,0.00054200542005420054
2020-12-14,2020-12-28,14,3690,5,0.0013550135501355014
2020-12-14,2020-12-29,15,3690,3,0.00081300813008130081
2020-12-14,2020-12-30,16,3690,5,0.0013550135501355014
2020-12-14,2020-12-31,17,3690,4,0.0010840108401084011
2020-12-14,2021-01-01,18,3690,1,0.00027100271002710027
2020-12-14,2021-01-02,19,3690,3,0.00081300813008130081
2020-12-14,2021-01-03,20,3690,4,0.0010840108401084011
2020-12-14,2021-01-04,21,3690,7,0.0018970189701897019
2020-12-14,2021-01-05,22,3690,6,0.0016260162601626016
2020-12-14,2021-01-06,23,3690,7,0.0018970189701897019
2020-12-14,2021-01-07,24,3690,10,0.0027100271002710027
2020-12-14,2021-01-08,25,3690,10,0.0027100271002710027
2020-12-14,2021-01-09,26,3690,2,0.00054200542005420054
2020-12-14,2021-01-10,27,3690,2,0.00054200542005420054
2020-12-14,2021-01-11,28,3690,10,0.0027100271002710027
2020-12-14,2021-01-12,29,3690,11,0.002981029810298103
2020-12-14,2021-01-13,30,3690,5,0.0013550135501355014
2020-12-15,2020-12-15,0,3983,3983,1.0
2020-12-15,2020-12-16,1,3983,196,0.0492091388400703
2020-12-15,2020-12-17,2,3983,68,0.017072558373085613
2020-12-15,2020-12-18,3,3983,37,0.00928948029123776
2020-12-15,2020-12-19,4,3983,23,0.0057745418026613109
2020-12-15,2020-12-20,5,3983,12,0.0030128044187798142
2020-12-15,2020-12-21,6,3983,27,0.0067788099422545819
2020-12-15,2020-12-22,7,3983,18,0.0045192066281697215
2020-12-15,2020-12-23,8,3983,13,0.0032638714536781322
2020-12-15,2020-12-24,9,3983,5,0.0012553351744915891
2020-12-15,2020-12-25,10,3983,8,0.0020085362791865428
2020-12-15,2020-12-26,11,3983,10,0.0025106703489831783
2020-12-15,2020-12-27,12,3983,3,0.00075320110469495355
2020-12-15,2020-12-28,13,3983,11,0.0027617373838814963
2020-12-15,2020-12-29,14,3983,10,0.0025106703489831783
2020-12-15,2020-12-30,15,3983,11,0.0027617373838814963
2020-12-15,2020-12-31,16,3983,7,0.0017574692442882249
2020-12-15,2021-01-01,17,3983,2,0.0005021340697966357
2020-12-15,2021-01-02,18,3983,2,0.0005021340697966357
2020-12-15,2021-01-03,19,3983,5,0.0012553351744915891
2020-12-15,2021-01-04,20,3983,7,0.0017574692442882249
2020-12-15,2021-01-05,21,3983,10,0.0025106703489831783
2020-12-15,2021-01-06,22,3983,11,0.0027617373838814963
2020-12-15,2021-01-07,23,3983,12,0.0030128044187798142
2020-12-15,2021-01-08,24,3983,12,0.0030128044187798142
2020-12-15,2021-01-09,25,3983,6,0.0015064022093899071
2020-12-15,2021-01-10,26,3983,2,0.0005021340697966357
2020-12-15,2021-01-11,27,3983,6,0.0015064022093899071
2020-12-15,2021-01-12,28,3983,14,0.0035149384885764497
2020-12-15,2021-01-13,29,3983,10,0.0025106703489831783
2020-12-15,2021-01-14,30,3983,13,0.0032638714536781322
2020-12-16,2020-12-16,0,3849,3849,1.0
2020-12-16,2020-12-17,1,3849,142,0.036892699402442192
2020-12-16,2020-12-18,2,3849,45,0.011691348402182385
2020-12-16,2020-12-19,3,3849,17,0.0044167316186022347
2020-12-16,2020-12-20,4,3849,13,0.0033775006495193557
2020-12-16,2020-12-21,5,3849,39,0.010132501948558068
2020-12-16,2020-12-22,6,3849,29,0.00753442452585087
2020-12-16,2020-12-23,7,3849,20,0.0051961548454143936
2020-12-16,2020-12-24,8,3849,7,0.0018186541958950377
2020-12-16,2020-12-25,9,3849,4,0.0010392309690828788
2020-12-16,2020-12-26,10,3849,4,0.0010392309690828788
2020-12-16,2020-12-27,11,3849,5,0.0012990387113535984
2020-12-16,2020-12-28,12,3849,6,0.001558846453624318
2020-12-16,2020-12-29,13,3849,9,0.0023382696804364772
2020-12-16,2020-12-30,14,3849,11,0.0028578851649779164
2020-12-16,2020-12-31,15,3849,1,0.00025980774227071969
2020-12-16,2021-01-01,16,3849,5,0.0012990387113535984
2020-12-16,2021-01-02,17,3849,1,0.00025980774227071969
2020-12-16,2021-01-03,18,3849,3,0.000779423226812159
2020-12-16,2021-01-04,19,3849,10,0.0025980774227071968
2020-12-16,2021-01-05,20,3849,18,0.0046765393608729543
2020-12-16,2021-01-06,21,3849,12,0.0031176929072486361
2020-12-16,2021-01-07,22,3849,11,0.0028578851649779164
2020-12-16,2021-01-08,23,3849,8,0.0020784619381657575
2020-12-16,2021-01-09,24,3849,6,0.001558846453624318
2020-12-16,2021-01-10,25,3849,5,0.0012990387113535984
2020-12-16,2021-01-11,26,3849,11,0.0028578851649779164
2020-12-16,2021-01-12,27,3849,14,0.0036373083917900753
2020-12-16,2021-01-13,28,3849,16,0.004156923876331515
2020-12-16,2021-01-14,29,3849,10,0.0025980774227071968
2020-12-16,2021-01-15,30,3849,5,0.0012990387113535984
2020-12-17,2020-12-17,0,3819,3819,1.0
2020-12-17,2020-12-18,1,3819,142,0.037182508510081175
2020-12-17,2020-12-19,2,3819,40,0.010473946059177796
2020-12-17,2020-12-20,3,3819,27,0.0070699135899450118
2020-12-17,2020-12-21,4,3819,39,0.010212097407698351
2020-12-17,2020-12-22,5,3819,27,0.0070699135899450118
2020-12-17,2020-12-23,6,3819,18,0.0047132757266300082
2020-12-17,2020-12-24,7,3819,13,0.0034040324692327832
2020-12-17,2020-12-25,8,3819,8,0.0020947892118355592
2020-12-17,2020-12-26,9,3819,4,0.0010473946059177796
2020-12-17,2020-12-27,10,3819,3,0.0007855459544383347
2020-12-17,2020-12-28,11,3819,9,0.0023566378633150041
2020-12-17,2020-12-29,12,3819,9,0.0023566378633150041
2020-12-17,2020-12-30,13,3819,7,0.0018329405603561141
2020-12-17,2020-12-31,14,3819,5,0.0013092432573972245
2020-12-17,2021-01-01,15,3819,2,0.0005236973029588898
2020-12-17,2021-01-02,16,3819,4,0.0010473946059177796
2020-12-17,2021-01-03,17,3819,3,0.0007855459544383347
2020-12-17,2021-01-04,18,3819,10,0.002618486514794449
2020-12-17,2021-01-05,19,3819,4,0.0010473946059177796
2020-12-17,2021-01-06,20,3819,22,0.0057606703325477878
2020-12-17,2021-01-07,21,3819,9,0.0023566378633150041
2020-12-17,2021-01-08,22,3819,9,0.0023566378633150041
2020-12-17,2021-01-09,23,3819,4,0.0010473946059177796
2020-12-17,2021-01-10,24,3819,5,0.0013092432573972245
2020-12-17,2021-01-11,25,3819,9,0.0023566378633150041
2020-12-17,2021-01-12,26,3819,6,0.0015710919088766694
2020-12-17,2021-01-13,27,3819,9,0.0023566378633150041
2020-12-17,2021-01-14,28,3819,4,0.0010473946059177796
2020-12-17,2021-01-15,29,3819,5,0.0013092432573972245
2020-12-17,2021-01-16,30,3819,1,0.0002618486514794449
2020-12-18,2020-12-18,0,3546,3546,1.0
2020-12-18,2020-12-19,1,3546,110,0.03102086858432036
2020-12-18,2020-12-20,2,3546,38,0.010716300056401579
2020-12-18,2020-12-21,3,3546,42,0.011844331641285956
2020-12-18,2020-12-22,4,3546,40,0.011280315848843767
2020-12-18,2020-12-23,5,3546,21,0.0059221658206429781
2020-12-18,2020-12-24,6,3546,10,0.0028200789622109417
2020-12-18,2020-12-25,7,3546,13,0.0036661026508742244
2020-12-18,2020-12-26,8,3546,6,0.0016920473773265651
2020-12-18,2020-12-27,9,3546,7,0.0019740552735476595
2020-12-18,2020-12-28,10,3546,12,0.00338409475465313
2020-12-18,2020-12-29,11,3546,12,0.00338409475465313
2020-12-18,2020-12-30,12,3546,8,0.0022560631697687537
2020-12-18,2020-12-31,13,3546,8,0.0022560631697687537
2020-12-18,2021-01-01,14,3546,4,0.0011280315848843769
2020-12-18,2021-01-02,15,3546,4,0.0011280315848843769
2020-12-18,2021-01-03,16,3546,2,0.00056401579244218843
2020-12-18,2021-01-04,17,3546,7,0.0019740552735476595
2020-12-18,2021-01-05,18,3546,14,0.003948110547095319
2020-12-18,2021-01-06,19,3546,10,0.0028200789622109417
2020-12-18,2021-01-07,20,3546,12,0.00338409475465313
2020-12-18,2021-01-08,21,3546,5,0.0014100394811054709
2020-12-18,2021-01-09,22,3546,7,0.0019740552735476595
2020-12-18,2021-01-10,23,3546,2,0.00056401579244218843
2020-12-18,2021-01-11,24,3546,3,0.00084602368866328254
2020-12-18,2021-01-12,25,3546,8,0.0022560631697687537
2020-12-18,2021-01-13,26,3546,3,0.00084602368866328254
2020-12-18,2021-01-14,27,3546,3,0.00084602368866328254
2020-12-18,2021-01-15,28,3546,8,0.0022560631697687537
2020-12-18,2021-01-16,29,3546,1,0.00028200789622109422
2020-12-18,2021-01-17,30,3546,3,0.00084602368866328254
2020-12-19,2020-12-19,0,2772,2772,1.0
2020-12-19,2020-12-20,1,2772,88,0.031746031746031744
2020-12-19,2020-12-21,2,2772,35,0.012626262626262626
2020-12-19,2020-12-22,3,2772,27,0.00974025974025974
2020-12-19,2020-12-23,4,2772,24,0.008658008658008658
2020-12-19,2020-12-24,5,2772,14,0.0050505050505050509
2020-12-19,2020-12-25,6,2772,9,0.003246753246753247
2020-12-19,2020-12-26,7,2772,6,0.0021645021645021645
2020-12-19,2020-12-27,8,2772,9,0.003246753246753247
2020-12-19,2020-12-28,9,2772,5,0.0018037518037518038
2020-12-19,2020-12-29,10,2772,5,0.0018037518037518038
2020-12-19,2020-12-30,11,2772,7,0.0025252525252525255
2020-12-19,2020-12-31,12,2772,3,0.0010822510822510823
2020-12-19,2021-01-01,13,2772,1,0.00036075036075036075
2020-12-19,2021-01-02,14,2772,0,0.0
2020-12-19,2021-01-03,15,2772,1,0.00036075036075036075
2020-12-19,2021-01-04,16,2772,3,0.0010822510822510823
2020-12-19,2021-01-05,17,2772,1,0.00036075036075036075
2020-12-19,2021-01-06,18,2772,5,0.0018037518037518038
2020-12-19,2021-01-07,19,2772,5,0.0018037518037518038
2020-12-19,2021-01-08,20,2772,4,0.001443001443001443
2020-12-19,2021-01-09,21,2772,4,0.001443001443001443
2020-12-19,2021-01-10,22,2772,0,0.0
2020-12-19,2021-01-11,23,2772,6,0.0021645021645021645
2020-12-19,2021-01-12,24,2772,3,0.0010822510822510823
2020-12-19,2021-01-13,25,2772,2,0.0007215007215007215
2020-12-19,2021-01-14,26,2772,4,0.001443001443001443
2020-12-19,2021-01-15,27,2772,1,0.00036075036075036075
2020-12-19,2021-01-16,28,2772,3,0.0010822510822510823
2020-12-19,2021-01-17,29,2772,4,0.001443001443001443
2020-12-19,2021-01-18,30,2772,1,0.00036075036075036075
2020-12-20,2020-12-20,0,2562,2562,1.0
2020-12-20,2020-12-21,1,2562,91,0.035519125683060107
2020-12-20,2020-12-22,2,2562,29,0.01131928181108509
2020-12-20,2020-12-23,3,2562,15,0.00585480093676815
2020-12-20,2020-12-24,4,2562,6,0.00234192037470726
2020-12-20,2020-12-25,5,2562,6,0.00234192037470726
2020-12-20,2020-12-26,6,2562,2,0.00078064012490242
2020-12-20,2020-12-27,7,2562,4,0.00156128024980484
2020-12-20,2020-12-28,8,2562,8,0.00312256049960968
2020-12-20,2020-12-29,9,2562,7,0.00273224043715847
2020-12-20,2020-12-30,10,2562,2,0.00078064012490242
2020-12-20,2020-12-31,11,2562,6,0.00234192037470726
2020-12-20,2021-01-01,12,2562,2,0.00078064012490242
2020-12-20,2021-01-02,13,2562,6,0.00234192037470726
2020-12-20,2021-01-03,14,2562,3,0.00117096018735363
2020-12-20,2021-01-04,15,2562,2,0.00078064012490242
2020-12-20,2021-01-05,16,2562,4,0.00156128024980484
2020-12-20,2021-01-06,17,2562,5,0.00195160031225605
2020-12-20,2021-01-07,18,2562,4,0.00156128024980484
2020-12-20,2021-01-08,19,2562,7,0.00273224043715847
2020-12-20,2021-01-09,20,2562,1,0.00039032006245121
2020-12-20,2021-01-10,21,2562,5,0.00195160031225605
2020-12-20,2021-01-11,22,2562,2,0.00078064012490242
2020-12-20,2021-01-12,23,2562,3,0.00117096018735363
2020-12-20,2021-01-13,24,2562,0,0.0
2020-12-20,2021-01-14,25,2562,0,0.0
2020-12-20,2021-01-15,26,2562,2,0.00078064012490242
2020-12-20,2021-01-16,27,2562,3,0.00117096018735363
2020-12-20,2021-01-17,28,2562,2,0.00078064012490242
2020-12-20,2021-01-18,29,2562,0,0.0
2020-12-20,2021-01-19,30,2562,1,0.00039032006245121
2020-12-21,2020-12-21,0,2937,2937,1.0
2020-12-21,2020-12-22,1,2937,100,0.034048348655090231
2020-12-21,2020-12-23,2,2937,39,0.013278855975485188
2020-12-21,2020-12-24,3,2937,17,0.0057882192713653389
2020-12-21,2020-12-25,4,2937,10,0.0034048348655090228
2020-12-21,2020-12-26,5,2937,7,0.0023833844058563161
2020-12-21,2020-12-27,6,2937,14,0.0047667688117126322
2020-12-21,2020-12-28,7,2937,16,0.0054477357848144361
2020-12-21,2020-12-29,8,2937,11,0.0037453183520599251
2020-12-21,2020-12-30,9,2937,4,0.001361933946203609
2020-12-21,2020-12-31,10,2937,4,0.001361933946203609
2020-12-21,2021-01-01,11,2937,7,0.0023833844058563161
2020-12-21,2021-01-02,12,2937,4,0.001361933946203609
2020-12-21,2021-01-03,13,2937,5,0.0017024174327545114
2020-12-21,2021-01-04,14,2937,7,0.0023833844058563161
2020-12-21,2021-01-05,15,2937,9,0.0030643513789581204
2020-12-21,2021-01-06,16,2937,7,0.0023833844058563161
2020-12-21,2021-01-07,17,2937,5,0.0017024174327545114
2020-12-21,2021-01-08,18,2937,5,0.0017024174327545114
2020-12-21,2021-01-09,19,2937,4,0.001361933946203609
2020-12-21,2021-01-10,20,2937,3,0.0010214504596527069
2020-12-21,2021-01-11,21,2937,8,0.002723867892407218
2020-12-21,2021-01-12,22,2937,8,0.002723867892407218
2020-12-21,2021-01-13,23,2937,5,0.0017024174327545114
2020-12-21,2021-01-14,24,2937,9,0.0030643513789581204
2020-12-21,2021-01-15,25,2937,6,0.0020429009193054137
2020-12-21,2021-01-16,26,2937,9,0.0030643513789581204
2020-12-21,2021-01-17,27,2937,0,0.0
2020-12-21,2021-01-18,28,2937,2,0.00068096697310180451
2020-12-21,2021-01-19,29,2937,3,0.0010214504596527069
2020-12-21,2021-01-20,30,2937,5,0.0017024174327545114
2020-12-22,2020-12-22,0,2717,2717,1.0
2020-12-22,2020-12-23,1,2717,115,0.042326094957673907
2020-12-22,2020-12-24,2,2717,22,0.0080971659919028341
2020-12-22,2020-12-25,3,2717,16,0.0058888479941111519
2020-12-22,2020-12-26,4,2717,8,0.002944423997055576
2020-12-22,2020-12-27,5,2717,10,0.00368052999631947
2020-12-22,2020-12-28,6,2717,20,0.00736105999263894
2020-12-22,2020-12-29,7,2717,13,0.0047846889952153108
2020-12-22,2020-12-30,8,2717,11,0.004048582995951417
2020-12-22,2020-12-31,9,2717,10,0.00368052999631947
2020-12-22,2021-01-01,10,2717,3,0.0011041589988958411
2020-12-22,2021-01-02,11,2717,3,0.0011041589988958411
2020-12-22,2021-01-03,12,2717,6,0.0022083179977916822
2020-12-22,2021-01-04,13,2717,3,0.0011041589988958411
2020-12-22,2021-01-05,14,2717,16,0.0058888479941111519
2020-12-22,2021-01-06,15,2717,8,0.002944423997055576
2020-12-22,2021-01-07,16,2717,5,0.0018402649981597351
2020-12-22,2021-01-08,17,2717,4,0.001472211998527788
2020-12-22,2021-01-09,18,2717,5,0.0018402649981597351
2020-12-22,2021-01-10,19,2717,2,0.000736105999263894
2020-12-22,2021-01-11,20,2717,8,0.002944423997055576
2020-12-22,2021-01-12,21,2717,10,0.00368052999631947
2020-12-22,2021-01-13,22,2717,8,0.002944423997055576
2020-12-22,2021-01-14,23,2717,6,0.0022083179977916822
2020-12-22,2021-01-15,24,2717,3,0.0011041589988958411
2020-12-22,2021-01-16,25,2717,7,0.0025763709974236291
2020-12-22,2021-01-17,26,2717,3,0.0011041589988958411
2020-12-22,2021-01-18,27,2717,4,0.001472211998527788
2020-12-22,2021-01-19,28,2717,5,0.0018402649981597351
2020-12-22,2021-01-20,29,2717,9,0.0033124769966875228
2020-12-22,2021-01-21,30,2717,4,0.001472211998527788
2020-12-23,2020-12-23,0,2526,2526,1.0
2020-12-23,2020-12-24,1,2526,61,0.02414885193982581
2020-12-23,2020-12-25,2,2526,22,0.00870942201108472
2020-12-23,2020-12-26,3,2526,11,0.00435471100554236
2020-12-23,2020-12-27,4,2526,14,0.0055423594615993665
2020-12-23,2020-12-28,5,2526,14,0.0055423594615993665
2020-12-23,2020-12-29,6,2526,17,0.0067300079176563733
2020-12-23,2020-12-30,7,2526,9,0.0035629453681710215
2020-12-23,2020-12-31,8,2526,5,0.001979414093428345
2020-12-23,2021-01-01,9,2526,7,0.0027711797307996833
2020-12-23,2021-01-02,10,2526,2,0.000791765637371338
2020-12-23,2021-01-03,11,2526,4,0.0015835312747426761
2020-12-23,2021-01-04,12,2526,16,0.0063341250989707044
2020-12-23,2021-01-05,13,2526,9,0.0035629453681710215
2020-12-23,2021-01-06,14,2526,6,0.0023752969121140144
2020-12-23,2021-01-07,15,2526,10,0.00395882818685669
2020-12-23,2021-01-08,16,2526,7,0.0027711797307996833
2020-12-23,2021-01-09,17,2526,6,0.0023752969121140144
2020-12-23,2021-01-10,18,2526,6,0.0023752969121140144
2020-12-23,2021-01-11,19,2526,11,0.00435471100554236
2020-12-23,2021-01-12,20,2526,4,0.0015835312747426761
2020-12-23,2021-01-13,21,2526,9,0.0035629453681710215
2020-12-23,2021-01-14,22,2526,5,0.001979414093428345
2020-12-23,2021-01-15,23,2526,8,0.0031670625494853522
2020-12-23,2021-01-16,24,2526,4,0.0015835312747426761
2020-12-23,2021-01-17,25,2526,3,0.0011876484560570072
2020-12-23,2021-01-18,26,2526,6,0.0023752969121140144
2020-12-23,2021-01-19,27,2526,3,0.0011876484560570072
2020-12-23,2021-01-20,28,2526,3,0.0011876484560570072
2020-12-23,2021-01-21,29,2526,4,0.0015835312747426761
2020-12-23,2021-01-22,30,2526,1,0.000395882818685669
2020-12-24,2020-12-24,0,2241,2241,1.0
2020-12-24,2020-12-25,1,2241,67,0.029897367246764839
2020-12-24,2020-12-26,2,2241,24,0.0107095046854083
2020-12-24,2020-12-27,3,2241,20,0.00892458723784025
2020-12-24,2020-12-28,4,2241,19,0.0084783578759482382
2020-12-24,2020-12-29,5,2241,18,0.0080321285140562242
2020-12-24,2020-12-30,6,2241,10,0.0044622936189201252
2020-12-24,2020-12-31,7,2241,6,0.0026773761713520749
2020-12-24,2021-01-01,8,2241,3,0.0013386880856760374
2020-12-24,2021-01-02,9,2241,5,0.0022311468094600626
2020-12-24,2021-01-03,10,2241,4,0.00178491744756805
2020-12-24,2021-01-04,11,2241,13,0.0058009817045961629
2020-12-24,2021-01-05,12,2241,1,0.00044622936189201248
2020-12-24,2021-01-06,13,2241,14,0.0062472110664881751
2020-12-24,2021-01-07,14,2241,5,0.0022311468094600626
2020-12-24,2021-01-08,15,2241,4,0.00178491744756805
2020-12-24,2021-01-09,16,2241,5,0.0022311468094600626
2020-12-24,2021-01-10,17,2241,0,0.0
2020-12-24,2021-01-11,18,2241,2,0.000892458723784025
2020-12-24,2021-01-12,19,2241,2,0.000892458723784025
2020-12-24,2021-01-13,20,2241,3,0.0013386880856760374
2020-12-24,2021-01-14,21,2241,1,0.00044622936189201248
2020-12-24,2021-01-15,22,2241,4,0.00178491744756805
2020-12-24,2021-01-16,23,2241,1,0.00044622936189201248
2020-12-24,2021-01-17,24,2241,1,0.00044622936189201248
2020-12-24,2021-01-18,25,2241,0,0.0
2020-12-24,2021-01-19,26,2241,3,0.0013386880856760374
2020-12-24,2021-01-20,27,2241,1,0.00044622936189201248
2020-12-24,2021-01-21,28,2241,4,0.00178491744756805
2020-12-24,2021-01-22,29,2241,4,0.00178491744756805
2020-12-24,2021-01-23,30,2241,2,0.000892458723784025
2020-12-25,2020-12-25,0,2205,2205,1.0
2020-12-25,2020-12-26,1,2205,50,0.022675736961451247
2020-12-25,2020-12-27,2,2205,16,0.0072562358276643995
2020-12-25,2020-12-28,3,2205,14,0.0063492063492063492
2020-12-25,2020-12-29,4,2205,10,0.0045351473922902496
2020-12-25,2020-12-30,5,2205,6,0.0027210884353741495
2020-12-25,2020-12-31,6,2205,8,0.0036281179138321997
2020-12-25,2021-01-01,7,2205,5,0.0022675736961451248
2020-12-25,2021-01-02,8,2205,6,0.0027210884353741495
2020-12-25,2021-01-03,9,2205,3,0.0013605442176870747
2020-12-25,2021-01-04,10,2205,3,0.0013605442176870747
2020-12-25,2021-01-05,11,2205,1,0.00045351473922902497
2020-12-25,2021-01-06,12,2205,5,0.0022675736961451248
2020-12-25,2021-01-07,13,2205,5,0.0022675736961451248
2020-12-25,2021-01-08,14,2205,2,0.00090702947845804993
2020-12-25,2021-01-09,15,2205,2,0.00090702947845804993
2020-12-25,2021-01-10,16,2205,2,0.00090702947845804993
2020-12-25,2021-01-11,17,2205,3,0.0013605442176870747
2020-12-25,2021-01-12,18,2205,2,0.00090702947845804993
2020-12-25,2021-01-13,19,2205,2,0.00090702947845804993
2020-12-25,2021-01-14,20,2205,1,0.00045351473922902497
2020-12-25,2021-01-15,21,2205,2,0.00090702947845804993
2020-12-25,2021-01-16,22,2205,0,0.0
2020-12-25,2021-01-17,23,2205,1,0.00045351473922902497
2020-12-25,2021-01-18,24,2205,1,0.00045351473922902497
2020-12-25,2021-01-19,25,2205,2,0.00090702947845804993
2020-12-25,2021-01-20,26,2205,0,0.0
2020-12-25,2021-01-21,27,2205,1,0.00045351473922902497
2020-12-25,2021-01-22,28,2205,0,0.0
2020-12-25,2021-01-23,29,2205,0,0.0
2020-12-25,2021-01-24,30,2205,1,0.00045351473922902497
2020-12-26,2020-12-26,0,2209,2209,1.0
2020-12-26,2020-12-27,1,2209,60,0.027161611588954276
2020-12-26,2020-12-28,2,2209,27,0.012222725215029425
2020-12-26,2020-12-29,3,2209,15,0.0067904028972385691
2020-12-26,2020-12-30,4,2209,13,0.0058850158442734267
2020-12-26,2020-12-31,5,2209,4,0.0018107741059302852
2020-12-26,2021-01-01,6,2209,4,0.0018107741059302852
2020-12-26,2021-01-02,7,2209,5,0.0022634676324128564
2020-12-26,2021-01-03,8,2209,3,0.001358080579447714
2020-12-26,2021-01-04,9,2209,4,0.0018107741059302852
2020-12-26,2021-01-05,10,2209,3,0.001358080579447714
2020-12-26,2021-01-06,11,2209,1,0.0004526935264825713
2020-12-26,2021-01-07,12,2209,5,0.0022634676324128564
2020-12-26,2021-01-08,13,2209,5,0.0022634676324128564
2020-12-26,2021-01-09,14,2209,3,0.001358080579447714
2020-12-26,2021-01-10,15,2209,1,0.0004526935264825713
2020-12-26,2021-01-11,16,2209,1,0.0004526935264825713
2020-12-26,2021-01-12,17,2209,5,0.0022634676324128564
2020-12-26,2021-01-13,18,2209,3,0.001358080579447714
2020-12-26,2021-01-14,19,2209,4,0.0018107741059302852
2020-12-26,2021-01-15,20,2209,6,0.002716161158895428
2020-12-26,2021-01-16,21,2209,2,0.00090538705296514259
2020-12-26,2021-01-17,22,2209,2,0.00090538705296514259
2020-12-26,2021-01-18,23,2209,2,0.00090538705296514259
2020-12-26,2021-01-19,24,2209,4,0.0018107741059302852
2020-12-26,2021-01-20,25,2209,4,0.0018107741059302852
2020-12-26,2021-01-21,26,2209,1,0.0004526935264825713
2020-12-26,2021-01-22,27,2209,2,0.00090538705296514259
2020-12-26,2021-01-23,28,2209,0,0.0
2020-12-26,2021-01-24,29,2209,1,0.0004526935264825713
2020-12-26,2021-01-25,30,2209,1,0.0004526935264825713
2020-12-27,2020-12-27,0,2178,2178,1.0
2020-12-27,2020-12-28,1,2178,65,0.029843893480257115
2020-12-27,2020-12-29,2,2178,20,0.0091827364554637279
2020-12-27,2020-12-30,3,2178,20,0.0091827364554637279
2020-12-27,2020-12-31,4,2178,6,0.0027548209366391185
2020-12-27,2021-01-01,5,2178,8,0.0036730945821854912
2020-12-27,2021-01-02,6,2178,6,0.0027548209366391185
2020-12-27,2021-01-03,7,2178,9,0.0041322314049586778
2020-12-27,2021-01-04,8,2178,7,0.0032139577594123047
2020-12-27,2021-01-05,9,2178,7,0.0032139577594123047
2020-12-27,2021-01-06,10,2178,3,0.0013774104683195593
2020-12-27,2021-01-07,11,2178,4,0.0018365472910927456
2020-12-27,2021-01-08,12,2178,3,0.0013774104683195593
2020-12-27,2021-01-09,13,2178,1,0.0004591368227731864
2020-12-27,2021-01-10,14,2178,1,0.0004591368227731864
2020-12-27,2021-01-11,15,2178,2,0.00091827364554637281
2020-12-27,2021-01-12,16,2178,3,0.0013774104683195593
2020-12-27,2021-01-13,17,2178,3,0.0013774104683195593
2020-12-27,2021-01-14,18,2178,2,0.00091827364554637281
2020-12-27,2021-01-15,19,2178,1,0.0004591368227731864
2020-12-27,2021-01-16,20,2178,1,0.0004591368227731864
2020-12-27,2021-01-17,21,2178,2,0.00091827364554637281
2020-12-27,2021-01-18,22,2178,1,0.0004591368227731864
2020-12-27,2021-01-19,23,2178,1,0.0004591368227731864
2020-12-27,2021-01-20,24,2178,2,0.00091827364554637281
2020-12-27,2021-01-21,25,2178,1,0.0004591368227731864
2020-12-27,2021-01-22,26,2178,1,0.0004591368227731864
2020-12-27,2021-01-23,27,2178,2,0.00091827364554637281
2020-12-27,2021-01-24,28,2178,0,0.0
2020-12-27,2021-01-25,29,2178,1,0.0004591368227731864
2020-12-27,2021-01-26,30,2178,0,0.0
2020-12-28,2020-12-28,0,2576,2576,1.0
2020-12-28,2020-12-29,1,2576,82,0.03183229813664596
2020-12-28,2020-12-30,2,2576,43,0.016692546583850932
2020-12-28,2020-12-31,3,2576,15,0.005822981366459627
2020-12-28,2021-01-01,4,2576,14,0.005434782608695652
2020-12-28,2021-01-02,5,2576,9,0.0034937888198757765
2020-12-28,2021-01-03,6,2576,10,0.0038819875776397515
2020-12-28,2021-01-04,7,2576,18,0.006987577639751553
2020-12-28,2021-01-05,8,2576,7,0.002717391304347826
2020-12-28,2021-01-06,9,2576,8,0.003105590062111801
2020-12-28,2021-01-07,10,2576,7,0.002717391304347826
2020-12-28,2021-01-08,11,2576,6,0.002329192546583851
2020-12-28,2021-01-09,12,2576,6,0.002329192546583851
2020-12-28,2021-01-10,13,2576,2,0.00077639751552795026
2020-12-28,2021-01-11,14,2576,5,0.0019409937888198758
2020-12-28,2021-01-12,15,2576,3,0.0011645962732919255
2020-12-28,2021-01-13,16,2576,2,0.00077639751552795026
2020-12-28,2021-01-14,17,2576,3,0.0011645962732919255
2020-12-28,2021-01-15,18,2576,3,0.0011645962732919255
2020-12-28,2021-01-16,19,2576,4,0.0015527950310559005
2020-12-28,2021-01-17,20,2576,3,0.0011645962732919255
2020-12-28,2021-01-18,21,2576,3,0.0011645962732919255
2020-12-28,2021-01-19,22,2576,3,0.0011645962732919255
2020-12-28,2021-01-20,23,2576,4,0.0015527950310559005
2020-12-28,2021-01-21,24,2576,2,0.00077639751552795026
2020-12-28,2021-01-22,25,2576,4,0.0015527950310559005
2020-12-28,2021-01-23,26,2576,0,0.0
2020-12-28,2021-01-24,27,2576,7,0.002717391304347826
2020-12-28,2021-01-25,28,2576,1,0.00038819875776397513
2020-12-28,2021-01-26,29,2576,1,0.00038819875776397513
2020-12-28,2021-01-27,30,2576,3,0.0011645962732919255
2020-12-29,2020-12-29,0,2644,2644,1.0
2020-12-29,2020-12-30,1,2644,86,0.032526475037821481
2020-12-29,2020-12-31,2,2644,27,0.01021180030257186
2020-12-29,2021-01-01,3,2644,10,0.0037821482602118004
2020-12-29,2021-01-02,4,2644,18,0.00680786686838124
2020-12-29,2021-01-03,5,2644,9,0.00340393343419062
2020-12-29,2021-01-04,6,2644,11,0.00416036308623298
2020-12-29,2021-01-05,7,2644,11,0.00416036308623298
2020-12-29,2021-01-06,8,2644,12,0.0045385779122541605
2020-12-29,2021-01-07,9,2644,10,0.0037821482602118004
2020-12-29,2021-01-08,10,2644,9,0.00340393343419062
2020-12-29,2021-01-09,11,2644,2,0.00075642965204236008
2020-12-29,2021-01-10,12,2644,6,0.0022692889561270802
2020-12-29,2021-01-11,13,2644,5,0.0018910741301059002
2020-12-29,2021-01-12,14,2644,6,0.0022692889561270802
2020-12-29,2021-01-13,15,2644,5,0.0018910741301059002
2020-12-29,2021-01-14,16,2644,2,0.00075642965204236008
2020-12-29,2021-01-15,17,2644,1,0.00037821482602118004
2020-12-29,2021-01-16,18,2644,2,0.00075642965204236008
2020-12-29,2021-01-17,19,2644,3,0.0011346444780635401
2020-12-29,2021-01-18,20,2644,2,0.00075642965204236008
2020-12-29,2021-01-19,21,2644,3,0.0011346444780635401
2020-12-29,2021-01-20,22,2644,2,0.00075642965204236008
2020-12-29,2021-01-21,23,2644,5,0.0018910741301059002
2020-12-29,2021-01-22,24,2644,2,0.00075642965204236008
2020-12-29,2021-01-23,25,2644,2,0.00075642965204236008
2020-12-29,2021-01-24,26,2644,2,0.00075642965204236008
2020-12-29,2021-01-25,27,2644,3,0.0011346444780635401
2020-12-29,2021-01-26,28,2644,3,0.0011346444780635401
2020-12-29,2021-01-27,29,2644,6,0.0022692889561270802
2020-12-29,2021-01-28,30,2644,4,0.0015128593040847202
2020-12-30,2020-12-30,0,2512,2512,1.0
2020-12-30,2020-12-31,1,2512,57,0.022691082802547769
2020-12-30,2021-01-01,2,2512,15,0.0059713375796178348
2020-12-30,2021-01-02,3,2512,16,0.006369426751592357
2020-12-30,2021-01-03,4,2512,11,0.0043789808917197451
2020-12-30,2021-01-04,5,2512,11,0.0043789808917197451
2020-12-30,2021-01-05,6,2512,8,0.0031847133757961785
2020-12-30,2021-01-06,7,2512,7,0.0027866242038216559
2020-12-30,2021-01-07,8,2512,5,0.0019904458598726115
2020-12-30,2021-01-08,9,2512,6,0.0023885350318471337
2020-12-30,2021-01-09,10,2512,3,0.0011942675159235668
2020-12-30,2021-01-10,11,2512,4,0.0015923566878980893
2020-12-30,2021-01-11,12,2512,13,0.0051751592356687895
2020-12-30,2021-01-12,13,2512,4,0.0015923566878980893
2020-12-30,2021-01-13,14,2512,3,0.0011942675159235668
2020-12-30,2021-01-14,15,2512,4,0.0015923566878980893
2020-12-30,2021-01-15,16,2512,1,0.00039808917197452231
2020-12-30,2021-01-16,17,2512,2,0.00079617834394904463
2020-12-30,2021-01-17,18,2512,0,0.0
2020-12-30,2021-01-18,19,2512,0,0.0
2020-12-30,2021-01-19,20,2512,5,0.0019904458598726115
2020-12-30,2021-01-20,21,2512,3,0.0011942675159235668
2020-12-30,2021-01-21,22,2512,2,0.00079617834394904463
2020-12-30,2021-01-22,23,2512,4,0.0015923566878980893
2020-12-30,2021-01-23,24,2512,3,0.0011942675159235668
2020-12-30,2021-01-24,25,2512,2,0.00079617834394904463
2020-12-30,2021-01-25,26,2512,2,0.00079617834394904463
2020-12-30,2021-01-26,27,2512,2,0.00079617834394904463
2020-12-30,2021-01-27,28,2512,3,0.0011942675159235668
2020-12-30,2021-01-28,29,2512,1,0.00039808917197452231
2020-12-30,2021-01-29,30,2512,2,0.00079617834394904463
2020-12-31,2020-12-31,0,2103,2103,1.0
2020-12-31,2021-01-01,1,2103,47,0.022349025202092251
2020-12-31,2021-01-02,2,2103,23,0.010936757013789824
2020-12-31,2021-01-03,3,2103,16,0.007608178792201617
2020-12-31,2021-01-04,4,2103,13,0.0061816452686638138
2020-12-31,2021-01-05,5,2103,4,0.0019020446980504042
2020-12-31,2021-01-06,6,2103,10,0.0047551117451260106
2020-12-31,2021-01-07,7,2103,6,0.0028530670470756064
2020-12-31,2021-01-08,8,2103,4,0.0019020446980504042
2020-12-31,2021-01-09,9,2103,2,0.00095102234902520212
2020-12-31,2021-01-10,10,2103,3,0.0014265335235378032
2020-12-31,2021-01-11,11,2103,5,0.0023775558725630053
2020-12-31,2021-01-12,12,2103,4,0.0019020446980504042
2020-12-31,2021-01-13,13,2103,2,0.00095102234902520212
2020-12-31,2021-01-14,14,2103,3,0.0014265335235378032
2020-12-31,2021-01-15,15,2103,8,0.0038040893961008085
2020-12-31,2021-01-16,16,2103,1,0.00047551117451260106
2020-12-31,2021-01-17,17,2103,3,0.0014265335235378032
2020-12-31,2021-01-18,18,2103,3,0.0014265335235378032
2020-12-31,2021-01-19,19,2103,3,0.0014265335235378032
2020-12-31,2021-01-20,20,2103,1,0.00047551117451260106
2020-12-31,2021-01-21,21,2103,3,0.0014265335235378032
2020-12-31,2021-01-22,22,2103,3,0.0014265335235378032
2020-12-31,2021-01-23,23,2103,3,0.0014265335235378032
2020-12-31,2021-01-24,24,2103,3,0.0014265335235378032
2020-12-31,2021-01-25,25,2103,1,0.00047551117451260106
2020-12-31,2021-01-26,26,2103,4,0.0019020446980504042
2020-12-31,2021-01-27,27,2103,2,0.00095102234902520212
2020-12-31,2021-01-28,28,2103,3,0.0014265335235378032
2020-12-31,2021-01-29,29,2103,4,0.0019020446980504042
2020-12-31,2021-01-30,30,2103,3,0.0014265335235378032
2021-01-01,2021-01-01,0,1915,1915,1.0
2021-01-01,2021-01-02,1,1915,52,0.027154046997389034
2021-01-01,2021-01-03,2,1915,19,0.009921671018276762
2021-01-01,2021-01-04,3,1915,17,0.0088772845953002614
2021-01-01,2021-01-05,4,1915,10,0.0052219321148825066
2021-01-01,2021-01-06,5,1915,8,0.0041775456919060051
2021-01-01,2021-01-07,6,1915,6,0.003133159268929504
2021-01-01,2021-01-08,7,1915,6,0.003133159268929504
2021-01-01,2021-01-09,8,1915,4,0.0020887728459530026
2021-01-01,2021-01-10,9,1915,3,0.001566579634464752
2021-01-01,2021-01-11,10,1915,3,0.001566579634464752
2021-01-01,2021-01-12,11,1915,4,0.0020887728459530026
2021-01-01,2021-01-13,12,1915,4,0.0020887728459530026
2021-01-01,2021-01-14,13,1915,3,0.001566579634464752
2021-01-01,2021-01-15,14,1915,3,0.001566579634464752
2021-01-01,2021-01-16,15,1915,0,0.0
2021-01-01,2021-01-17,16,1915,1,0.00052219321148825064
2021-01-01,2021-01-18,17,1915,1,0.00052219321148825064
2021-01-01,2021-01-19,18,1915,3,0.001566579634464752
2021-01-01,2021-01-20,19,1915,2,0.0010443864229765013
2021-01-01,2021-01-21,20,1915,0,0.0
2021-01-01,2021-01-22,21,1915,1,0.00052219321148825064
2021-01-01,2021-01-23,22,1915,4,0.0020887728459530026
2021-01-01,2021-01-24,23,1915,2,0.0010443864229765013
2021-01-01,2021-01-25,24,1915,2,0.0010443864229765013
2021-01-01,2021-01-26,25,1915,1,0.00052219321148825064
2021-01-01,2021-01-27,26,1915,2,0.0010443864229765013
2021-01-01,2021-01-28,27,1915,0,0.0
2021-01-01,2021-01-29,28,1915,4,0.0020887728459530026
2021-01-01,2021-01-30,29,1915,0,0.0
2021-01-01,2021-01-31,30,1915,0,0.0
2021-01-02,2021-01-02,0,2296,2296,1.0
2021-01-02,2021-01-03,1,2296,68,0.029616724738675958
2021-01-02,2021-01-04,2,2296,29,0.012630662020905924
2021-01-02,2021-01-05,3,2296,22,0.0095818815331010446
2021-01-02,2021-01-06,4,2296,8,0.0034843205574912892
2021-01-02,2021-01-07,5,2296,7,0.0030487804878048782
2021-01-02,2021-01-08,6,2296,5,0.0021777003484320556
2021-01-02,2021-01-09,7,2296,3,0.0013066202090592336
2021-01-02,2021-01-10,8,2296,5,0.0021777003484320556
2021-01-02,2021-01-11,9,2296,2,0.0008710801393728223
2021-01-02,2021-01-12,10,2296,8,0.0034843205574912892
2021-01-02,2021-01-13,11,2296,3,0.0013066202090592336
2021-01-02,2021-01-14,12,2296,4,0.0017421602787456446
2021-01-02,2021-01-15,13,2296,2,0.0008710801393728223
2021-01-02,2021-01-16,14,2296,5,0.0021777003484320556
2021-01-02,2021-01-17,15,2296,4,0.0017421602787456446
2021-01-02,2021-01-18,16,2296,4,0.0017421602787456446
2021-01-02,2021-01-19,17,2296,0,0.0
2021-01-02,2021-01-20,18,2296,2,0.0008710801393728223
2021-01-02,2021-01-21,19,2296,1,0.00043554006968641115
2021-01-02,2021-01-22,20,2296,2,0.0008710801393728223
2021-01-02,2021-01-23,21,2296,3,0.0013066202090592336
2021-01-02,2021-01-24,22,2296,0,0.0
2021-01-02,2021-01-25,23,2296,1,0.00043554006968641115
2021-01-02,2021-01-26,24,2296,1,0.00043554006968641115
2021-01-02,2021-01-27,25,2296,1,0.00043554006968641115
2021-01-02,2021-01-28,26,2296,0,0.0
2021-01-02,2021-01-29,27,2296,4,0.0017421602787456446
2021-01-02,2021-01-30,28,2296,0,0.0
2021-01-02,2021-01-31,29,2296,1,0.00043554006968641115
2021-01-03,2021-01-03,0,2254,2254,1.0
2021-01-03,2021-01-04,1,2254,58,0.025732031943212066
2021-01-03,2021-01-05,2,2254,24,0.01064773735581189
2021-01-03,2021-01-06,3,2254,20,0.0088731144631765749
2021-01-03,2021-01-07,4,2254,11,0.0048802129547471165
2021-01-03,2021-01-08,5,2254,8,0.00354924578527063
2021-01-03,2021-01-09,6,2254,4,0.0017746228926353151
2021-01-03,2021-01-10,7,2254,8,0.00354924578527063
2021-01-03,2021-01-11,8,2254,2,0.00088731144631765753
2021-01-03,2021-01-12,9,2254,4,0.0017746228926353151
2021-01-03,2021-01-13,10,2254,1,0.00044365572315882877
2021-01-03,2021-01-14,11,2254,2,0.00088731144631765753
2021-01-03,2021-01-15,12,2254,1,0.00044365572315882877
2021-01-03,2021-01-16,13,2254,2,0.00088731144631765753
2021-01-03,2021-01-17,14,2254,4,0.0017746228926353151
2021-01-03,2021-01-18,15,2254,2,0.00088731144631765753
2021-01-03,2021-01-19,16,2254,2,0.00088731144631765753
2021-01-03,2021-01-20,17,2254,6,0.0026619343389529724
2021-01-03,2021-01-21,18,2254,3,0.0013309671694764862
2021-01-03,2021-01-22,19,2254,2,0.00088731144631765753
2021-01-03,2021-01-23,20,2254,1,0.00044365572315882877
2021-01-03,2021-01-24,21,2254,0,0.0
2021-01-03,2021-01-25,22,2254,1,0.00044365572315882877
2021-01-03,2021-01-26,23,2254,1,0.00044365572315882877
2021-01-03,2021-01-27,24,2254,0,0.0
2021-01-03,2021-01-28,25,2254,2,0.00088731144631765753
2021-01-03,2021-01-29,26,2254,0,0.0
2021-01-03,2021-01-30,27,2254,0,0.0
2021-01-03,2021-01-31,28,2254,0,0.0
2021-01-04,2021-01-04,0,2620,2620,1.0
2021-01-04,2021-01-05,1,2620,93,0.035496183206106868
2021-01-04,2021-01-06,2,2620,42,0.016030534351145039
2021-01-04,2021-01-07,3,2620,22,0.0083969465648854966
2021-01-04,2021-01-08,4,2620,18,0.0068702290076335876
2021-01-04,2021-01-09,5,2620,14,0.0053435114503816794
2021-01-04,2021-01-10,6,2620,13,0.0049618320610687024
2021-01-04,2021-01-11,7,2620,16,0.0061068702290076335
2021-01-04,2021-01-12,8,2620,9,0.0034351145038167938
2021-01-04,2021-01-13,9,2620,7,0.0026717557251908397
2021-01-04,2021-01-14,10,2620,10,0.0038167938931297708
2021-01-04,2021-01-15,11,2620,3,0.0011450381679389313
2021-01-04,2021-01-16,12,2620,5,0.0019083969465648854
2021-01-04,2021-01-17,13,2620,1,0.0003816793893129771
2021-01-04,2021-01-18,14,2620,6,0.0022900763358778627
2021-01-04,2021-01-19,15,2620,6,0.0022900763358778627
2021-01-04,2021-01-20,16,2620,5,0.0019083969465648854
2021-01-04,2021-01-21,17,2620,8,0.0030534351145038168
2021-01-04,2021-01-22,18,2620,5,0.0019083969465648854
2021-01-04,2021-01-23,19,2620,1,0.0003816793893129771
2021-01-04,2021-01-24,20,2620,2,0.00076335877862595419
2021-01-04,2021-01-25,21,2620,4,0.0015267175572519084
2021-01-04,2021-01-26,22,2620,7,0.0026717557251908397
2021-01-04,2021-01-27,23,2620,3,0.0011450381679389313
2021-01-04,2021-01-28,24,2620,3,0.0011450381679389313
2021-01-04,2021-01-29,25,2620,2,0.00076335877862595419
2021-01-04,2021-01-30,26,2620,3,0.0011450381679389313
2021-01-04,2021-01-31,27,2620,3,0.0011450381679389313
2021-01-05,2021-01-05,0,3478,3478,1.0
2021-01-05,2021-01-06,1,3478,159,0.045715928694652096
2021-01-05,2021-01-07,2,3478,75,0.021564117308798161
2021-01-05,2021-01-08,3,3478,35,0.010063254744105807
2021-01-05,2021-01-09,4,3478,16,0.0046003450258769408
2021-01-05,2021-01-10,5,3478,9,0.0025876940770557791
2021-01-05,2021-01-11,6,3478,29,0.0083381253594019544
2021-01-05,2021-01-12,7,3478,18,0.0051753881541115581
2021-01-05,2021-01-13,8,3478,15,0.0043128234617596318
2021-01-05,2021-01-14,9,3478,9,0.0025876940770557791
2021-01-05,2021-01-15,10,3478,8,0.0023001725129384704
2021-01-05,2021-01-16,11,3478,6,0.0017251293847038527
2021-01-05,2021-01-17,12,3478,2,0.0005750431282346176
2021-01-05,2021-01-18,13,3478,13,0.0037377803335250145
2021-01-05,2021-01-19,14,3478,10,0.0028752156411730881
2021-01-05,2021-01-20,15,3478,12,0.0034502587694077054
2021-01-05,2021-01-21,16,3478,6,0.0017251293847038527
2021-01-05,2021-01-22,17,3478,9,0.0025876940770557791
2021-01-05,2021-01-23,18,3478,1,0.0002875215641173088
2021-01-05,2021-01-24,19,3478,1,0.0002875215641173088
2021-01-05,2021-01-25,20,3478,11,0.0031627372052903968
2021-01-05,2021-01-26,21,3478,6,0.0017251293847038527
2021-01-05,2021-01-27,22,3478,6,0.0017251293847038527
2021-01-05,2021-01-28,23,3478,7,0.0020126509488211618
2021-01-05,2021-01-29,24,3478,4,0.0011500862564692352
2021-01-05,2021-01-30,25,3478,1,0.0002875215641173088
2021-01-05,2021-01-31,26,3478,4,0.0011500862564692352
2021-01-06,2021-01-06,0,4732,4732,1.0
2021-01-06,2021-01-07,1,4732,166,0.035080304311073542
2021-01-06,2021-01-08,2,4732,62,0.013102282333051564
2021-01-06,2021-01-09,3,4732,21,0.0044378698224852072
2021-01-06,2021-01-10,4,4732,25,0.0052831783601014369
2021-01-06,2021-01-11,5,4732,29,0.0061284868977176665
2021-01-06,2021-01-12,6,4732,29,0.0061284868977176665
2021-01-06,2021-01-13,7,4732,23,0.0048605240912933225
2021-01-06,2021-01-14,8,4732,25,0.0052831783601014369
2021-01-06,2021-01-15,9,4732,21,0.0044378698224852072
2021-01-06,2021-01-16,10,4732,10,0.002113271344040575
2021-01-06,2021-01-17,11,4732,8,0.0016906170752324597
2021-01-06,2021-01-18,12,4732,16,0.0033812341504649195
2021-01-06,2021-01-19,13,4732,10,0.002113271344040575
2021-01-06,2021-01-20,14,4732,10,0.002113271344040575
2021-01-06,2021-01-21,15,4732,5,0.0010566356720202875
2021-01-06,2021-01-22,16,4732,6,0.0012679628064243449
2021-01-06,2021-01-23,17,4732,4,0.00084530853761622987
2021-01-06,2021-01-24,18,4732,3,0.00063398140321217246
2021-01-06,2021-01-25,19,4732,6,0.0012679628064243449
2021-01-06,2021-01-26,20,4732,2,0.00042265426880811494
2021-01-06,2021-01-27,21,4732,11,0.0023245984784446322
2021-01-06,2021-01-28,22,4732,11,0.0023245984784446322
2021-01-06,2021-01-29,23,4732,8,0.0016906170752324597
2021-01-06,2021-01-30,24,4732,8,0.0016906170752324597
2021-01-06,2021-01-31,25,4732,1,0.00021132713440405747
2021-01-07,2021-01-07,0,3493,3493,1.0
2021-01-07,2021-01-08,1,3493,124,0.035499570569710849
2021-01-07,2021-01-09,2,3493,38,0.010878900658459777
2021-01-07,2021-01-10,3,3493,22,0.0062983109075293447
2021-01-07,2021-01-11,4,3493,38,0.010878900658459777
2021-01-07,2021-01-12,5,3493,36,0.010306326939593472
2021-01-07,2021-01-13,6,3493,15,0.00429430289149728
2021-01-07,2021-01-14,7,3493,20,0.0057257371886630408
2021-01-07,2021-01-15,8,3493,18,0.0051531634697967359
2021-01-07,2021-01-16,9,3493,9,0.002576581734898368
2021-01-07,2021-01-17,10,3493,6,0.0017177211565989122
2021-01-07,2021-01-18,11,3493,6,0.0017177211565989122
2021-01-07,2021-01-19,12,3493,13,0.0037217291726309764
2021-01-07,2021-01-20,13,3493,7,0.002004008016032064
2021-01-07,2021-01-21,14,3493,12,0.0034354423131978244
2021-01-07,2021-01-22,15,3493,8,0.002290294875465216
2021-01-07,2021-01-23,16,3493,4,0.001145147437732608
2021-01-07,2021-01-24,17,3493,1,0.000286286859433152
2021-01-07,2021-01-25,18,3493,5,0.0014314342971657602
2021-01-07,2021-01-26,19,3493,5,0.0014314342971657602
2021-01-07,2021-01-27,20,3493,9,0.002576581734898368
2021-01-07,2021-01-28,21,3493,6,0.0017177211565989122
2021-01-07,2021-01-29,22,3493,3,0.00085886057829945609
2021-01-07,2021-01-30,23,3493,3,0.00085886057829945609
2021-01-07,2021-01-31,24,3493,5,0.0014314342971657602
2021-01-08,2021-01-08,0,3193,3193,1.0
2021-01-08,2021-01-09,1,3193,108,0.033823989978077042
2021-01-08,2021-01-10,2,3193,38,0.011901033510804886
2021-01-08,2021-01-11,3,3193,53,0.016598809896648921
2021-01-08,2021-01-12,4,3193,36,0.011274663326025681
2021-01-08,2021-01-13,5,3193,34,0.010648293141246476
2021-01-08,2021-01-14,6,3193,27,0.00845599749451926
2021-01-08,2021-01-15,7,3193,15,0.0046977763858440337
2021-01-08,2021-01-16,8,3193,11,0.0034450360162856246
2021-01-08,2021-01-17,9,3193,9,0.0028186658315064203
2021-01-08,2021-01-18,10,3193,9,0.0028186658315064203
2021-01-08,2021-01-19,11,3193,13,0.0040714062010648294
2021-01-08,2021-01-20,12,3193,11,0.0034450360162856246
2021-01-08,2021-01-21,13,3193,13,0.0040714062010648294
2021-01-08,2021-01-22,14,3193,12,0.0037582211086752272
2021-01-08,2021-01-23,15,3193,6,0.0018791105543376136
2021-01-08,2021-01-24,16,3193,3,0.0009395552771688068
2021-01-08,2021-01-25,17,3193,4,0.0012527403695584091
2021-01-08,2021-01-26,18,3193,4,0.0012527403695584091
2021-01-08,2021-01-27,19,3193,7,0.002192295646727216
2021-01-08,2021-01-28,20,3193,4,0.0012527403695584091
2021-01-08,2021-01-29,21,3193,5,0.0015659254619480112
2021-01-08,2021-01-30,22,3193,6,0.0018791105543376136
2021-01-08,2021-01-31,23,3193,4,0.0012527403695584091
2021-01-09,2021-01-09,0,2550,2550,1.0
2021-01-09,2021-01-10,1,2550,86,0.033725490196078428
2021-01-09,2021-01-11,2,2550,40,0.015686274509803921
2021-01-09,2021-01-12,3,2550,26,0.01019607843137255
2021-01-09,2021-01-13,4,2550,19,0.0074509803921568628
2021-01-09,2021-01-14,5,2550,14,0.0054901960784313726
2021-01-09,2021-01-15,6,2550,9,0.0035294117647058825
2021-01-09,2021-01-16,7,2550,8,0.0031372549019607842
2021-01-09,2021-01-17,8,2550,10,0.00392156862745098
2021-01-09,2021-01-18,9,2550,3,0.001176470588235294
2021-01-09,2021-01-19,10,2550,5,0.00196078431372549
2021-01-09,2021-01-20,11,2550,11,0.0043137254901960782
2021-01-09,2021-01-21,12,2550,11,0.0043137254901960782
2021-01-09,2021-01-22,13,2550,9,0.0035294117647058825
2021-01-09,2021-01-23,14,2550,3,0.001176470588235294
2021-01-09,2021-01-24,15,2550,4,0.0015686274509803921
2021-01-09,2021-01-25,16,2550,5,0.00196078431372549
2021-01-09,2021-01-26,17,2550,6,0.002352941176470588
2021-01-09,2021-01-27,18,2550,0,0.0
2021-01-09,2021-01-28,19,2550,1,0.000392156862745098
2021-01-09,2021-01-29,20,2550,5,0.00196078431372549
2021-01-09,2021-01-30,21,2550,4,0.0015686274509803921
2021-01-09,2021-01-31,22,2550,1,0.000392156862745098
2021-01-10,2021-01-10,0,2392,2392,1.0
2021-01-10,2021-01-11,1,2392,81,0.0338628762541806
2021-01-10,2021-01-12,2,2392,42,0.017558528428093644
2021-01-10,2021-01-13,3,2392,19,0.00794314381270903
2021-01-10,2021-01-14,4,2392,21,0.0087792642140468221
2021-01-10,2021-01-15,5,2392,12,0.005016722408026756
2021-01-10,2021-01-16,6,2392,8,0.0033444816053511705
2021-01-10,2021-01-17,7,2392,9,0.003762541806020067
2021-01-10,2021-01-18,8,2392,6,0.002508361204013378
2021-01-10,2021-01-19,9,2392,9,0.003762541806020067
2021-01-10,2021-01-20,10,2392,8,0.0033444816053511705
2021-01-10,2021-01-21,11,2392,5,0.0020903010033444815
2021-01-10,2021-01-22,12,2392,2,0.00083612040133779263
2021-01-10,2021-01-23,13,2392,2,0.00083612040133779263
2021-01-10,2021-01-24,14,2392,3,0.001254180602006689
2021-01-10,2021-01-25,15,2392,5,0.0020903010033444815
2021-01-10,2021-01-26,16,2392,6,0.002508361204013378
2021-01-10,2021-01-27,17,2392,6,0.002508361204013378
2021-01-10,2021-01-28,18,2392,2,0.00083612040133779263
2021-01-10,2021-01-29,19,2392,4,0.0016722408026755853
2021-01-10,2021-01-30,20,2392,2,0.00083612040133779263
2021-01-10,2021-01-31,21,2392,4,0.0016722408026755853
2021-01-11,2021-01-11,0,2980,2980,1.0
2021-01-11,2021-01-12,1,2980,121,0.040604026845637582
2021-01-11,2021-01-13,2,2980,40,0.013422818791946308
2021-01-11,2021-01-14,3,2980,45,0.015100671140939598
2021-01-11,2021-01-15,4,2980,30,0.010067114093959731
2021-01-11,2021-01-16,5,2980,8,0.0026845637583892616
2021-01-11,2021-01-17,6,2980,5,0.0016778523489932886
2021-01-11,2021-01-18,7,2980,25,0.008389261744966443
2021-01-11,2021-01-19,8,2980,19,0.0063758389261744965
2021-01-11,2021-01-20,9,2980,18,0.0060402684563758387
2021-01-11,2021-01-21,10,2980,11,0.0036912751677852349
2021-01-11,2021-01-22,11,2980,7,0.0023489932885906038
2021-01-11,2021-01-23,12,2980,5,0.0016778523489932886
2021-01-11,2021-01-24,13,2980,3,0.0010067114093959733
2021-01-11,2021-01-25,14,2980,8,0.0026845637583892616
2021-01-11,2021-01-26,15,2980,11,0.0036912751677852349
2021-01-11,2021-01-27,16,2980,9,0.0030201342281879194
2021-01-11,2021-01-28,17,2980,9,0.0030201342281879194
2021-01-11,2021-01-29,18,2980,2,0.0006711409395973154
2021-01-11,2021-01-30,19,2980,7,0.0023489932885906038
2021-01-11,2021-01-31,20,2980,5,0.0016778523489932886
2021-01-12,2021-01-12,0,3488,3488,1.0
2021-01-12,2021-01-13,1,3488,148,0.042431192660550461
2021-01-12,2021-01-14,2,3488,69,0.019782110091743119
2021-01-12,2021-01-15,3,3488,38,0.010894495412844037
2021-01-12,2021-01-16,4,3488,13,0.0037270642201834864
2021-01-12,2021-01-17,5,3488,10,0.0028669724770642203
2021-01-12,2021-01-18,6,3488,13,0.0037270642201834864
2021-01-12,2021-01-19,7,3488,23,0.0065940366972477068
2021-01-12,2021-01-20,8,3488,18,0.0051605504587155966
2021-01-12,2021-01-21,9,3488,25,0.0071674311926605509
2021-01-12,2021-01-22,10,3488,17,0.0048738532110091746
2021-01-12,2021-01-23,11,3488,10,0.0028669724770642203
2021-01-12,2021-01-24,12,3488,10,0.0028669724770642203
2021-01-12,2021-01-25,13,3488,13,0.0037270642201834864
2021-01-12,2021-01-26,14,3488,14,0.0040137614678899085
2021-01-12,2021-01-27,15,3488,18,0.0051605504587155966
2021-01-12,2021-01-28,16,3488,10,0.0028669724770642203
2021-01-12,2021-01-29,17,3488,8,0.0022935779816513763
2021-01-12,2021-01-30,18,3488,6,0.0017201834862385322
2021-01-12,2021-01-31,19,3488,1,0.00028669724770642203
2021-01-13,2021-01-13,0,3439,3439,1.0
2021-01-13,2021-01-14,1,3439,121,0.035184646699621985
2021-01-13,2021-01-15,2,3439,38,0.011049723756906077
2021-01-13,2021-01-16,3,3439,22,0.00639720849084036
2021-01-13,2021-01-17,4,3439,16,0.0046525152660657166
2021-01-13,2021-01-18,5,3439,26,0.00756033730735679
2021-01-13,2021-01-19,6,3439,25,0.0072695551032276821
2021-01-13,2021-01-20,7,3439,24,0.0069787728990985754
2021-01-13,2021-01-21,8,3439,15,0.0043617330619366091
2021-01-13,2021-01-22,9,3439,12,0.0034893864495492877
2021-01-13,2021-01-23,10,3439,7,0.0020354754289037512
2021-01-13,2021-01-24,11,3439,2,0.00058156440825821458
2021-01-13,2021-01-25,12,3439,8,0.0023262576330328583
2021-01-13,2021-01-26,13,3439,9,0.0026170398371619659
2021-01-13,2021-01-27,14,3439,18,0.0052340796743239318
2021-01-13,2021-01-28,15,3439,14,0.0040709508578075024
2021-01-13,2021-01-29,16,3439,7,0.0020354754289037512
2021-01-13,2021-01-30,17,3439,2,0.00058156440825821458
2021-01-13,2021-01-31,18,3439,2,0.00058156440825821458
2021-01-14,2021-01-14,0,3246,3246,1.0
2021-01-14,2021-01-15,1,3246,118,0.036352433764633395
2021-01-14,2021-01-16,2,3246,25,0.0077017868145409733
2021-01-14,2021-01-17,3,3246,17,0.0052372150338878621
2021-01-14,2021-01-18,4,3246,21,0.0064695009242144181
2021-01-14,2021-01-19,5,3246,33,0.010166358595194085
2021-01-14,2021-01-20,6,3246,23,0.0070856438693776957
2021-01-14,2021-01-21,7,3246,23,0.0070856438693776957
2021-01-14,2021-01-22,8,3246,18,0.0055452865064695009
2021-01-14,2021-01-23,9,3246,7,0.0021565003080714724
2021-01-14,2021-01-24,10,3246,9,0.0027726432532347504
2021-01-14,2021-01-25,11,3246,7,0.0021565003080714724
2021-01-14,2021-01-26,12,3246,12,0.0036968576709796672
2021-01-14,2021-01-27,13,3246,10,0.0030807147258163892
2021-01-14,2021-01-28,14,3246,12,0.0036968576709796672
2021-01-14,2021-01-29,15,3246,13,0.004004929143561306
2021-01-14,2021-01-30,16,3246,3,0.00092421441774491681
2021-01-14,2021-01-31,17,3246,3,0.00092421441774491681
2021-01-15,2021-01-15,0,2971,2971,1.0
2021-01-15,2021-01-16,1,2971,86,0.028946482665769102
2021-01-15,2021-01-17,2,2971,27,0.0090878492090205321
2021-01-15,2021-01-18,3,2971,36,0.012117132278694043
2021-01-15,2021-01-19,4,2971,40,0.013463480309660047
2021-01-15,2021-01-20,5,2971,21,0.0070683271625715249
2021-01-15,2021-01-21,6,2971,25,0.00841467519353753
2021-01-15,2021-01-22,7,2971,15,0.0050488051161225178
2021-01-15,2021-01-23,8,2971,5,0.0016829350387075059
2021-01-15,2021-01-24,9,2971,4,0.0013463480309660047
2021-01-15,2021-01-25,10,2971,13,0.0043756311006395154
2021-01-15,2021-01-26,11,2971,6,0.0020195220464490071
2021-01-15,2021-01-27,12,2971,5,0.0016829350387075059
2021-01-15,2021-01-28,13,2971,8,0.0026926960619320095
2021-01-15,2021-01-29,14,2971,4,0.0013463480309660047
2021-01-15,2021-01-30,15,2971,1,0.00033658700774150119
2021-01-15,2021-01-31,16,2971,4,0.0013463480309660047
2021-01-16,2021-01-16,0,2510,2510,1.0
2021-01-16,2021-01-17,1,2510,80,0.031872509960159362
2021-01-16,2021-01-18,2,2510,47,0.018725099601593624
2021-01-16,2021-01-19,3,2510,32,0.012749003984063745
2021-01-16,2021-01-20,4,2510,20,0.00796812749003984
2021-01-16,2021-01-21,5,2510,15,0.00597609561752988
2021-01-16,2021-01-22,6,2510,14,0.0055776892430278889
2021-01-16,2021-01-23,7,2510,12,0.0047808764940239041
2021-01-16,2021-01-24,8,2510,10,0.00398406374501992
2021-01-16,2021-01-25,9,2510,5,0.00199203187250996
2021-01-16,2021-01-26,10,2510,7,0.0027888446215139444
2021-01-16,2021-01-27,11,2510,8,0.0031872509960159364
2021-01-16,2021-01-28,12,2510,4,0.0015936254980079682
2021-01-16,2021-01-29,13,2510,4,0.0015936254980079682
2021-01-16,2021-01-30,14,2510,7,0.0027888446215139444
2021-01-16,2021-01-31,15,2510,6,0.0023904382470119521
2021-01-17,2021-01-17,0,2374,2374,1.0
2021-01-17,2021-01-18,1,2374,89,0.037489469250210614
2021-01-17,2021-01-19,2,2374,37,0.015585509688289806
2021-01-17,2021-01-20,3,2374,20,0.0084245998315080027
2021-01-17,2021-01-21,4,2374,12,0.005054759898904802
2021-01-17,2021-01-22,5,2374,17,0.0071609098567818026
2021-01-17,2021-01-23,6,2374,10,0.0042122999157540014
2021-01-17,2021-01-24,7,2374,12,0.005054759898904802
2021-01-17,2021-01-25,8,2374,6,0.002527379949452401
2021-01-17,2021-01-26,9,2374,7,0.0029486099410278013
2021-01-17,2021-01-27,10,2374,3,0.0012636899747262005
2021-01-17,2021-01-28,11,2374,4,0.0016849199663016006
2021-01-17,2021-01-29,12,2374,3,0.0012636899747262005
2021-01-17,2021-01-30,13,2374,0,0.0
2021-01-17,2021-01-31,14,2374,5,0.0021061499578770007
2021-01-18,2021-01-18,0,2735,2735,1.0
2021-01-18,2021-01-19,1,2735,109,0.039853747714808041
2021-01-18,2021-01-20,2,2735,44,0.016087751371115174
2021-01-18,2021-01-21,3,2735,21,0.0076782449725776962
2021-01-18,2021-01-22,4,2735,22,0.0080438756855575871
2021-01-18,2021-01-23,5,2735,13,0.0047531992687385744
2021-01-18,2021-01-24,6,2735,8,0.0029250457038391227
2021-01-18,2021-01-25,7,2735,9,0.0032906764168190127
2021-01-18,2021-01-26,8,2735,7,0.0025594149908592322
2021-01-18,2021-01-27,9,2735,12,0.0043875685557586835
2021-01-18,2021-01-28,10,2735,5,0.0018281535648994515
2021-01-18,2021-01-29,11,2735,6,0.0021937842778793418
2021-01-18,2021-01-30,12,2735,5,0.0018281535648994515
2021-01-18,2021-01-31,13,2735,5,0.0018281535648994515
2021-01-19,2021-01-19,0,3056,3056,1.0
2021-01-19,2021-01-20,1,3056,177,0.057918848167539269
2021-01-19,2021-01-21,2,3056,75,0.024541884816753928
2021-01-19,2021-01-22,3,3056,39,0.012761780104712041
2021-01-19,2021-01-23,4,3056,16,0.005235602094240838
2021-01-19,2021-01-24,5,3056,16,0.005235602094240838
2021-01-19,2021-01-25,6,3056,28,0.0091623036649214652
2021-01-19,2021-01-26,7,3056,30,0.00981675392670157
2021-01-19,2021-01-27,8,3056,24,0.0078534031413612562
2021-01-19,2021-01-28,9,3056,20,0.0065445026178010471
2021-01-19,2021-01-29,10,3056,14,0.0045811518324607326
2021-01-19,2021-01-30,11,3056,11,0.0035994764397905758
2021-01-19,2021-01-31,12,3056,9,0.0029450261780104713
2021-01-20,2021-01-20,0,3454,3454,1.0
2021-01-20,2021-01-21,1,3454,187,0.054140127388535034
2021-01-20,2021-01-22,2,3454,79,0.022872032426172553
2021-01-20,2021-01-23,3,3454,35,0.01013317892298784
2021-01-20,2021-01-24,4,3454,20,0.0057903879559930514
2021-01-20,2021-01-25,5,3454,50,0.014475969889982629
2021-01-20,2021-01-26,6,3454,35,0.01013317892298784
2021-01-20,2021-01-27,7,3454,38,0.011001737116386797
2021-01-20,2021-01-28,8,3454,27,0.00781702374059062
2021-01-20,2021-01-29,9,3454,28,0.0081065431383902722
2021-01-20,2021-01-30,10,3454,23,0.006658946149392009
2021-01-20,2021-01-31,11,3454,2,0.00057903879559930511
2021-01-21,2021-01-21,0,3393,3393,1.0
2021-01-21,2021-01-22,1,3393,136,0.040082522841143532
2021-01-21,2021-01-23,2,3393,39,0.011494252873563218
2021-01-21,2021-01-24,3,3393,30,0.0088417329796640146
2021-01-21,2021-01-25,4,3393,46,0.013557323902151489
2021-01-21,2021-01-26,5,3393,40,0.011788977306218685
2021-01-21,2021-01-27,6,3393,21,0.00618921308576481
2021-01-21,2021-01-28,7,3393,20,0.0058944886531093425
2021-01-21,2021-01-29,8,3393,15,0.0044208664898320073
2021-01-21,2021-01-30,9,3393,7,0.00206307102858827
2021-01-21,2021-01-31,10,3393,11,0.0032419687592101384
2021-01-22,2021-01-22,0,2908,2908,1.0
2021-01-22,2021-01-23,1,2908,85,0.02922971114167813
2021-01-22,2021-01-24,2,2908,37,0.012723521320495186
2021-01-22,2021-01-25,3,2908,69,0.02372764786795048
2021-01-22,2021-01-26,4,2908,37,0.012723521320495186
2021-01-22,2021-01-27,5,2908,23,0.0079092159559834944
2021-01-22,2021-01-28,6,2908,15,0.00515818431911967
2021-01-22,2021-01-29,7,2908,18,0.0061898211829436037
2021-01-22,2021-01-30,8,2908,8,0.002751031636863824
2021-01-22,2021-01-31,9,2908,3,0.0010316368638239339
2021-01-23,2021-01-23,0,2399,2399,1.0
2021-01-23,2021-01-24,1,2399,83,0.034597749062109211
2021-01-23,2021-01-25,2,2399,43,0.017924135056273448
2021-01-23,2021-01-26,3,2399,43,0.017924135056273448
2021-01-23,2021-01-27,4,2399,26,0.010837849103793247
2021-01-23,2021-01-28,5,2399,16,0.0066694456023343061
2021-01-23,2021-01-29,6,2399,18,0.007503126302626094
2021-01-23,2021-01-30,7,2399,8,0.0033347228011671531
2021-01-23,2021-01-31,8,2399,4,0.0016673614005835765
2021-01-24,2021-01-24,0,2275,2275,1.0
2021-01-24,2021-01-25,1,2275,83,0.036483516483516484
2021-01-24,2021-01-26,2,2275,29,0.012747252747252748
2021-01-24,2021-01-27,3,2275,18,0.0079120879120879121
2021-01-24,2021-01-28,4,2275,15,0.0065934065934065934
2021-01-24,2021-01-29,5,2275,12,0.0052747252747252747
2021-01-24,2021-01-30,6,2275,7,0.0030769230769230769
2021-01-24,2021-01-31,7,2275,14,0.0061538461538461538
2021-01-25,2021-01-25,0,2842,2842,1.0
2021-01-25,2021-01-26,1,2842,121,0.042575650950035189
2021-01-25,2021-01-27,2,2842,58,0.020408163265306121
2021-01-25,2021-01-28,3,2842,44,0.015482054890921885
2021-01-25,2021-01-29,4,2842,35,0.012315270935960592
2021-01-25,2021-01-30,5,2842,16,0.005629838142153413
2021-01-25,2021-01-31,6,2842,8,0.0028149190710767065
2021-01-26,2021-01-26,0,2887,2887,1.0
2021-01-26,2021-01-27,1,2887,145,0.050225147211638378
2021-01-26,2021-01-28,2,2887,50,0.017319016279875303
2021-01-26,2021-01-29,3,2887,35,0.012123311395912712
2021-01-26,2021-01-30,4,2887,23,0.00796674748874264
2021-01-26,2021-01-31,5,2887,13,0.0045029442327675787
2021-01-27,2021-01-27,0,3045,3045,1.0
2021-01-27,2021-01-28,1,3045,134,0.044006568144499179
2021-01-27,2021-01-29,2,3045,41,0.013464696223316914
2021-01-27,2021-01-30,3,3045,22,0.00722495894909688
2021-01-27,2021-01-31,4,3045,17,0.0055829228243021349
2021-01-28,2021-01-28,0,2903,2903,1.0
2021-01-28,2021-01-29,1,2903,124,0.042714433344815707
2021-01-28,2021-01-30,2,2903,43,0.014812263176024801
2021-01-28,2021-01-31,3,2903,24,0.00826730967964175
2021-01-29,2021-01-29,0,2732,2732,1.0
2021-01-29,2021-01-30,1,2732,71,0.025988286969253295
2021-01-29,2021-01-31,2,2732,42,0.015373352855051245
2021-01-30,2021-01-30,0,2131,2131,1.0
2021-01-30,2021-01-31,1,2131,61,0.028625058657907085
2021-01-31,2021-01-31,0,2125,2125,1.0